"Post ID","Page ID","Page name",Title,Description,"Duration (secs)","Publish time","Caption type",Permalink,"Is crosspost","Is share","Post type",Languages,"Custom labels","Funded content status","Data comment",Date,"Seconds viewed","Average Seconds viewed",Comments,Likes,Shares,"People reached",Impressions,"Reels plays","60-second video views","3-second video views","Other clicks","Photo views","Unique 60-second video views",Engagements,"Engaged users","Overall negative feedback","3-second viewers","Unique negative feedback from users","Views by top audience (65+)","Views by top audience (55-64)","Views by top audience (45-54)","Views by top audience (35-44)","Views by top audience (25-34)","Views by top audience (18-24)","Views by top audience (13-17)","Views by top audience (65+, M)","Views by top audience (65+, F)","Views by top audience (55-64, M)","Views by top audience (55-64, F)","Views by top audience (45-54, M)","Views by top audience (45-54, F)","Views by top audience (35-44, M)","Views by top audience (35-44, F)","Views by top audience (25-34, M)","Views by top audience (25-34, F)","Views by top audience (18-24, M)","Views by top audience (18-24, F)","Views by top audience (13-17, M)","Views by top audience (13-17, F)","Views by top audience (M)","Views by top audience (F)","Views by country (Saudi Arabia (SA))","Views by country (Bangladesh (BD))","Views by country (India (IN))","Views by country (Pakistan (PK))","Views by country (Nepal (NP))","Views by country (Indonesia (ID))","Views by country (Nigeria (NG))","Views by country (Mexico (MX))","Views by country (Myanmar (MM))","Views by country (Uzbekistan (UZ))","Views by country (Germany (DE))","Views by country (Sierra Leone (SL))","Views by country (Mongolia (MN))","Views by country (Greece (GR))","Views by country (Morocco (MA))","Views by country (Brazil (BR))","Views by country (Colombia (CO))","Views by country (Australia (AU))","Views by country (Italy (IT))","Views by country (Romania (RO))","Views by country (Canada (CA))","Views by country (United Kingdom (GB))","Views by country (Iran (IR))","Views by country (United Arab Emirates (AE))","Views by country (United States (US))","Views by country (Cambodia (KH))","Views by country (Egypt (EG))","Views by country (France (FR))","Views by country (Fiji (FJ))","Views by country (Algeria (DZ))","Views by country (Bhutan (BT))","Views by country (Afghanistan (AF))","Views by country (Qatar (QA))","Views by country (Spain (ES))","Views by country (Portugal (PT))","Views by country (New Zealand (NZ))","Views by country (Mauritius (MU))","Views by country (Malaysia (MY))"
122128258814198697,247903501729335,HU.co,,"KHAIE
#khaie #faysalquraishi #hinabayat #uzmahassan #osamatahir #sabafaisal #noorulhassan #shujaasad #lailawasti #saqlainabbas #geotv #syedwajahathussain #asadqureshi #abdullahkadwani #thskyentertainment #javedjamal #shamylkhan #khalidbutt #geoentertainment #durefishansaleem #harpalgeo #nabeelzuberi #mahnoor #hassannoman #mahenurhaider #durefishan #fuchsiamagazine #fuchsiaepaper #khudaaurmohabbat #trending",263,"03/14/2024 00:03",auto,https://www.facebook.com/hu.4113/posts/pfbid02HNYPPRaxHbQpBspULW2TPVfFZVsWSQ2dXx19VvAxyDWu9aMYhd7f4SAmfhs8iQul,0,0,Video,,,,,Lifetime,1181.5,20.37,0,8,0,58,64,,4,23,4,,4,12,10,0,22,0,,,,,,,,,,,,,,,,,,,,,,,,,,,,,,,,,,,,,,,,,,,,,,,,,,,,,,,,,,,,,
122128311284198697,247903501729335,HU.co,,"KHAIE
#khaie #faysalquraishi #hinabayat #uzmahassan #osamatahir #sabafaisal #noorulhassan #shujaasad #lailawasti #saqlainabbas #geotv #syedwajahathussain #asadqureshi #abdullahkadwani #thskyentertainment #javedjamal #shamylkhan #khalidbutt #geoentertainment #durefishansaleem #harpalgeo #nabeelzuberi #mahnoor #hassannoman #mahenurhaider #durefishan #fuchsiamagazine #fuchsiaepaper #khudaaurmohabbat #trending",125,"03/14/2024 03:03",N/A,https://www.facebook.com/hu.4113/posts/pfbid0F9phrd3AMpgaRfBn6vCjA5yrWfs3VJgucub1HtoMVxXt5i9D3fdo2ULUEAZpeHgsl,0,0,Video,,,,,Lifetime,1860.51,22.97,0,8,0,85,90,,12,38,7,,12,15,12,0,37,0,,,,,,,,,,,,,,,,,,,,,,,,,,,,,,,,,,,,,,,,,,,,,,,,,,,,,,,,,,,,,
122128379282198697,247903501729335,HU.co,,"KHAIE
#khaie #faysalquraishi #hinabayat #uzmahassan #osamatahir #sabafaisal #noorulhassan #shujaasad #lailawasti #saqlainabbas #geotv #syedwajahathussain #asadqureshi #abdullahkadwani #thskyentertainment #javedjamal #shamylkhan #khalidbutt #geoentertainment #durefishansaleem #harpalgeo #nabeelzuberi #mahnoor #hassannoman #mahenurhaider #durefishan #fuchsiamagazine #fuchsiaepaper #khudaaurmohabbat #trending",218,"03/14/2024 05:03",N/A,https://www.facebook.com/hu.4113/posts/pfbid0Rx9EogoYiqJAxidjKioU7mZuBQNUawbTLSWy5J4RkfhzpXjCu69JZax7eng8u2Vfl,0,0,Video,,,,,Lifetime,764.42,16.99,0,4,0,48,54,,2,18,,,2,4,4,0,16,0,,,,,,,,,,,,,,,,,,,,,,,,,,,,,,,,,,,,,,,,,,,,,,,,,,,,,,,,,,,,,
122128399352198697,247903501729335,HU.co,,"KHAIE Coming Episode Promo 
#khaie #faysalquraishi #hinabayat #uzmahassan #osamatahir #sabafaisal #noorulhassan #shujaasad #lailawasti #saqlainabbas #geotv #syedwajahathussain #asadqureshi #abdullahkadwani #thskyentertainment #javedjamal #shamylkhan #khalidbutt #geoentertainment #durefishansaleem #harpalgeo #nabeelzuberi #mahnoor #hassannoman #mahenurhaider #durefishan #fuchsiamagazine #fuchsiaepaper #khudaaurmohabbat #trending",50,"03/14/2024 07:03",N/A,https://www.facebook.com/hu.4113/posts/pfbid0r9Lxa5eW3GaeoMaNLaKynEZGysqJfNY4b36tcEEbGeuM5TokeRddogesgPo9CAil,0,0,Video,,,,,Lifetime,1019.15,10.84,0,6,0,86,94,,0,36,5,,0,11,9,0,34,0,,,,,,,,,,,,,,,,,,,,,,,,,,,,,,,,,,,,,,,,,,,,,,,,,,,,,,,,,,,,,
1068188127590585,247903501729335,HU.co,,"Like, Follow & Share.

#islamic #islamdaily #madinah #tawbah  #quranic #DeenDaily #deen #ummah ##quranquotes #quran #islam",34,"03/14/2024 19:03",N/A,https://www.facebook.com/reel/1068188127590585/,0,0,"FB reel",,,,,Lifetime,294.63,9.21,1,5,0,41,45,41,,,,,,,,,,,,,,,,,,,,,,,,,,,,,,,,,,,,,,,,,,,,,,,,,,,,,,,,,,,,,,,,,,,,,,,
258032560698207,247903501729335,HU.co,,"Like, Follow & Share.

#islamic #islamdaily #madinah #tawbah  #quranic #DeenDaily #deen #ummah ##quranquotes #quran #islam",34,"03/14/2024 21:03",N/A,https://www.facebook.com/reel/258032560698207/,0,0,"FB reel",,,,,Lifetime,165.22,7.18,1,4,0,28,33,26,,,,,,,,,,,,,,,,,,,,,,,,,,,,,,,,,,,,,,,,,,,,,,,,,,,,,,,,,,,,,,,,,,,,,,,
1447306326165548,247903501729335,HU.co,,"#reels #reelsviralfb #reelsinstagram #reelsfyp„Ç∑fb #shorts #shortreels #trending #quranquotes",15,"03/14/2024 23:03",N/A,https://www.facebook.com/reel/1447306326165548/,0,0,"FB reel",,,,,Lifetime,965.8,3.71,1,36,1,327,329,285,,,,,,,,,,,,,,,,,,,,,,,,,,,,,,,,,,,,,,,,,,,,,,,,,,,,,,,,,,,,,,,,,,,,,,,
1078827880089031,247903501729335,HU.co,,"Like, Follow & Share.

#islamic #islamdaily #madinah #tawbah  #quranic #DeenDaily #deen #ummah ##quranquotes #quran #islam",21,"03/15/2024 00:03",N/A,https://www.facebook.com/reel/1078827880089031/,0,0,"FB reel",,,,,Lifetime,183.79,4.71,1,7,0,47,50,43,,,,,,,,,,,,,,,,,,,,,,,,,,,,,,,,,,,,,,,,,,,,,,,,,,,,,,,,,,,,,,,,,,,,,,,
122128667276198697,247903501729335,HU.co,,"Very Filmy
#humtv #pakistan #dananeer  #BushraAnsari  #pakistanidrama  #pakistanicelebrities 
#humtvdramas #AliSafina  #SalmaHassan",87,"03/15/2024 03:03",N/A,https://www.facebook.com/hu.4113/posts/pfbid02EzYErAzA1xhdQt1HLtZb5ey4ys6D5n7AErw5QVaA2gG78SEeeWKsSFPezPgk4QCNl,0,0,Video,,,,,Lifetime,1067.33,19.77,0,4,0,78,83,,5,22,3,,4,7,7,0,17,0,,,,,,,,,,,,,,,,,,,,,,,,,,,,,,,,,,,,,,,,,,,,,,,,,,,,,,,,,,,,,
122128715666198697,247903501729335,HU.co,,"Very Filmy
#humtv #pakistan #dananeer  #BushraAnsari  #pakistanidrama  #pakistanicelebrities 
#humtvdramas #AliSafina  #SalmaHassan",206,"03/15/2024 07:03",N/A,https://www.facebook.com/hu.4113/posts/pfbid027Pz7BNkD8pqg89sBg1YoHwXayjG1ELLC6rcY6Pzi5TQWAEFQq6KxJvRJKbkFwCSjl,0,0,Video,,,,,Lifetime,949.68,15.83,0,6,8,41,48,,4,31,1,,4,15,7,0,21,0,,,,,,,,,,,,,,,,,,,,,,,,,,,,,,,,,,,,,,,,,,,,,,,,,,,,,,,,,,,,,
1164703241556142,247903501729335,HU.co,,"Like, Follow & Share.
#reels #reelsviralfb #reelsinstagram #reelsfyp„Ç∑fb #shorts #shortreels #trending #quranquotes",34,"03/16/2024 23:03",N/A,https://www.facebook.com/reel/1164703241556142/,0,0,"FB reel",,,,,Lifetime,678.43,9.29,1,5,3,70,74,88,,,,,,,,,,,,,,,,,,,,,,,,,,,,,,,,,,,,,,,,,,,,,,,,,,,,,,,,,,,,,,,,,,,,,,,
398019879645285,247903501729335,HU.co,,"#reels #reelsviralfb #reelsinstagram #reelsfyp„Ç∑fb #shorts #shortreels #trending #quranquotes",37,"03/17/2024 04:03",N/A,https://www.facebook.com/reel/398019879645285/,0,0,"FB reel",,,,,Lifetime,650.75,8.34,1,9,2,105,110,90,,,,,,,,,,,,,,,,,,,,,,,,,,,,,,,,,,,,,,,,,,,,,,,,,,,,,,,,,,,,,,,,,,,,,,,
1086506922681546,247903501729335,HU.co,,"#reels #reelsviralfb #reelsinstagram #reelsfyp„Ç∑fb #shorts #shortreels #trending #quranquotes",15,"03/17/2024 07:03",N/A,https://www.facebook.com/reel/1086506922681546/,0,0,"FB reel",,,,,Lifetime,1258.8,5.24,0,32,4,281,281,285,,,,,,,,,,,,,,,,,,,,,,,,,,,,,,,,,,,,,,,,,,,,,,,,,,,,,,,,,,,,,,,,,,,,,,,
122129682410198697,247903501729335,HU.co,,"ISHQ MURSHID
#ishqmurshid #humtv #bilalabbaskhan #moomalentertainment #farooqrind #durefishansaleem #excitement  #bilalabbas  #humtvdramas #comingsoon #psu #trending2024
#reelsvideo„Ç∑ #reelsviralfb #trendingvideos #trendingposts",273,"03/17/2024 23:03",auto,https://www.facebook.com/hu.4113/posts/pfbid024acBwRJU8iH3mPh8tFPJ6DTJgetBVr6nsAYTLEXxMHUTFyrXN2p1houM3nn8mVLMl,0,0,Video,,,,,Lifetime,3074.65,29.85,1,7,4,115,121,,12,51,9,,11,21,11,0,45,0,,,,,,,,,,,,,,,,,,,,,,,,,,,,,,,,,,,,,,,,,,,,,,,,,,,,,,,,,,,,,
122129774504198697,247903501729335,HU.co,,"KHAIE
#khaie #faysalquraishi #hinabayat #uzmahassan #osamatahir #sabafaisal #noorulhassan #shujaasad #lailawasti #saqlainabbas #geotv #syedwajahathussain #asadqureshi #abdullahkadwani #thskyentertainment #javedjamal #shamylkhan #khalidbutt #geoentertainment #durefishansaleem #harpalgeo #nabeelzuberi #mahnoor #hassannoman #mahenurhaider #durefishan #fuchsiamagazine #fuchsiaepaper #khudaaurmohabbat #trending",278,"03/18/2024 06:03",N/A,https://www.facebook.com/hu.4113/posts/pfbid0Ub9TYrpuCz5PVAuAPXskZDmbbFqKMFBFM9NMFMRXHqczmj16G6u3dnKK3rpGbkP7l,0,0,Video,,,,,Lifetime,334.1,6.68,0,5,0,48,54,,0,32,,,0,5,5,0,28,0,,,,,,,,,,,,,,,,,,,,,,,,,,,,,,,,,,,,,,,,,,,,,,,,,,,,,,,,,,,,,
122129822312198697,247903501729335,HU.co,,"Very Filmy
#humtv #pakistan #dananeer  #BushraAnsari  #pakistanidrama  #pakistanicelebrities 
#humtvdramas #AliSafina  #SalmaHassan 
#reelsvideo„Ç∑ #reelsviralfb #trendingposts #trending #drama #dramaqueen",205,"03/18/2024 09:03",N/A,https://www.facebook.com/hu.4113/posts/pfbid0W2USdVgwYsQnpNBjSXhfSqEnSicuhy9BunuRLf2qSHSY4u7bnpoRz1Vj7egwNsjbl,0,0,Video,,,,,Lifetime,512.91,10.91,0,5,0,50,55,,1,21,1,,1,6,6,0,16,0,,,,,,,,,,,,,,,,,,,,,,,,,,,,,,,,,,,,,,,,,,,,,,,,,,,,,,,,,,,,,
942122570458315,247903501729335,HU.co,,"#reels #reelsviralfb #reelsinstagram #reelsfyp„Ç∑fb #shorts #shortreels #trending",29,"03/20/2024 04:03",N/A,https://www.facebook.com/reel/942122570458315/,0,0,"FB reel",,,,,Lifetime,3201.08,10.56,2,19,3,225,229,349,,,,,,,,,,,,,,,,,,,,,,,,,,,,,,,,,,,,,,,,,,,,,,,,,,,,,,,,,,,,,,,,,,,,,,,
122130377594198697,247903501729335,HU.co,,"KHAIE
#khaie #faysalquraishi #hinabayat #uzmahassan #osamatahir #sabafaisal #noorulhassan #shujaasad #lailawasti #saqlainabbas #geotv #syedwajahathussain #asadqureshi #abdullahkadwani #thskyentertainment #javedjamal #shamylkhan #khalidbutt #geoentertainment #durefishansaleem #harpalgeo #nabeelzuberi #mahnoor #hassannoman #mahenurhaider #durefishan #fuchsiamagazine #fuchsiaepaper #khudaaurmohabbat #trending",290,"03/20/2024 05:03",N/A,https://www.facebook.com/hu.4113/posts/pfbid0P9Jy3WVaXDQWFQTouTZLZCmPrNYsSasrhuYCVURCVrs7giWWSURxvPcGawMCyp9ol,0,0,Video,,,,,Lifetime,509.18,10.61,0,6,0,54,56,,2,21,3,,2,9,9,0,20,0,,,,,,,,,,,,,,,,,,,,,,,,,,,,,,,,,,,,,,,,,,,,,,,,,,,,,,,,,,,,,
122130752984198697,247903501729335,HU.co,,"Very Filmy
#humtv #pakistan #dananeer  #BushraAnsari  #pakistanidrama  #pakistanicelebrities 
#humtvdramas #AliSafina  #SalmaHassan 
#reelsvideo„Ç∑ #reelsviralfb #trendingposts #trending #drama #dramaqueen",142,"03/21/2024 07:03",auto,https://www.facebook.com/hu.4113/posts/pfbid0ZARCP95UDSUULVsmWUotV8ZZTYqtPjMMUhNfDgnnTto4EGrcQdiaBrRws5C6kCsKl,0,0,Video,,,,,Lifetime,308.5,6.56,0,6,0,53,54,,1,21,,,1,6,6,0,21,0,,,,,,,,,,,,,,,,,,,,,,,,,,,,,,,,,,,,,,,,,,,,,,,,,,,,,,,,,,,,,
122130795428198697,247903501729335,HU.co,,"Very Filmy
#humtv #pakistan #dananeer  #BushraAnsari  #pakistanidrama  #pakistanicelebrities 
#humtvdramas #AliSafina  #SalmaHassan 
#reelsvideo„Ç∑ #reelsviralfb #trendingposts #trending #drama #dramaqueen",184,"03/21/2024 11:03",N/A,https://www.facebook.com/hu.4113/posts/pfbid02z62jfPxwmiaanoCoQcXZAGxcqiNk8xDbYNBSSvioJyuV9kkPpAAh5Q3PE3gFqhTfl,0,0,Video,,,,,Lifetime,602,8.85,0,5,0,28,29,,3,25,,,3,6,5,0,20,0,,,,,,,,,,,,,,,,,,,,,,,,,,,,,,,,,,,,,,,,,,,,,,,,,,,,,,,,,,,,,
1091995151921000,247903501729335,HU.co,,"Jumma Mubarak üíö‚ú®
Ramadan Kareem Second Ashra
.
.
.
.
.
.
.
.
#reels #reelsviralfb #reelsinstagram #reelsfyp„Ç∑fb #shorts #shortreels #trending #quranquotes #JummahMubarak #jummahmubarak2024 #doa #reel #reelsinstagramüòç #reelsinstagram‚ù§Ô∏èüíØ #shorts #viralreels #ƒ±nstagramreels",60,"03/21/2024 22:03",N/A,https://www.facebook.com/reel/1091995151921000/,0,0,"FB reel",,,,,Lifetime,1002.58,6.31,0,18,0,196,197,175,,,,,,,,,,,,,,,,,,,,,,,,,,,,,,,,,,,,,,,,,,,,,,,,,,,,,,,,,,,,,,,,,,,,,,,
122102115998198697,247903501729335,HU.co,,"""Laugh, love, live! Your go-to source for daily entertainment. Elevate your moments with laughter, trends, and pure joy. Join us now!""

Follow us for more videos üé•üéû",0,"01/29/2024 23:01",N/A,https://www.facebook.com/hu.4113/posts/pfbid028CQAJk9XXqVh9A6AekEKwDqocfNHh5XohpVCRi8jxtAyHrbZWVFHPUsYhype2HS9l,0,0,Photo,,,,,Lifetime,,,0,3,0,69,74,,0,0,,,0,3,3,0,0,0,,,,,,,,,,,,,,,,,,,,,,,,,,,,,,,,,,,,,,,,,,,,,,,,,,,,,,,,,,,,,
122103057638198697,247903501729335,HU.co,,"KHAIE

#pakistanidrama 
#Khaie 
#FaisalQureshi 
#latestepisode",261,"01/31/2024 00:01",N/A,https://www.facebook.com/hu.4113/posts/pfbid033bi22cBj2Bg3oh99ipcsNkanb61zfjkLi2WjnP2kjJQGUvmYfVWnXEtc6kBjgUn5l,0,0,Video,,,,,Lifetime,1018.84,18.87,0,4,0,30,41,,3,29,,,2,4,4,0,17,0,,,,,,,,,,,,,,,,,,,,,,,,,,,,,,,,,,,,,,,,,,,,,,,,,,,,,,,,,,,,,
122103927782198697,247903501729335,HU.co,,"KHAIE
#pakistanidrama 
#Khaie 
#FaisalQureshi 
#latestepisode",359,"01/31/2024 23:01",N/A,https://www.facebook.com/hu.4113/posts/pfbid02e8x4HNBsY4ppZMkbv3GaZ1oYmXmNeuaPwQzQmGwNJyvdzbEL3tHidwKK4gJWyWEfl,0,0,Video,,,,,Lifetime,604.03,8.39,0,5,0,54,67,,1,28,1,,1,6,5,0,25,0,,,,,,,,,,,,,,,,,,,,,,,,,,,,,,,,,,,,,,,,,,,,,,,,,,,,,,,,,,,,,
122104764038198697,247903501729335,HU.co,,"KHAIE
#pakistanidrama 
#Khaie 
#FaisalQureshi 
#latestepisode",297,"02/01/2024 21:02",N/A,https://www.facebook.com/hu.4113/posts/pfbid031TRiPyJCY1EQEN9cHoR8gT2UWhY7MAfcjBjey4JUpuLMJdnuiMaRiShVH1Ta3yv4l,0,0,Video,,,,,Lifetime,1585.21,13.55,0,3,0,85,95,,6,56,4,,6,7,6,0,53,0,,,,,,,,,,,,,,,,,,,,,,,,,,,,,,,,,,,,,,,,,,,,,,,,,,,,,,,,,,,,,
122104898222198697,247903501729335,HU.co,,"KHAIE
#pakistanidrama 
#Khaie 
#FaisalQureshi 
#latestepisode",166,"02/02/2024 01:02",N/A,https://www.facebook.com/hu.4113/posts/pfbid0ARbYCVFyPBheqUqfttLmU77qZhjn89paqykSxspQY7ikQ9MFb6kJkDihELEXgVULl,0,0,Video,,,,,Lifetime,856.73,11.58,0,3,0,67,83,,4,28,2,,4,5,5,0,25,0,,,,,,,,,,,,,,,,,,,,,,,,,,,,,,,,,,,,,,,,,,,,,,,,,,,,,,,,,,,,,
122105004392198697,247903501729335,HU.co,,"KHAIE
#pakistanidrama 
#Khaie 
#FaisalQureshi 
#latestepisode",272,"02/02/2024 04:02",N/A,https://www.facebook.com/hu.4113/posts/pfbid02UxmZsmN7bGZzjV2avgaSkvXxEZ2ofqLYhUCP1RhuDZgN7GukbTjdiCdzWX4MxGLml,0,0,Video,,,,,Lifetime,635.52,7.57,0,5,0,35,49,,1,31,2,,1,7,4,0,25,0,,,,,,,,,,,,,,,,,,,,,,,,,,,,,,,,,,,,,,,,,,,,,,,,,,,,,,,,,,,,,
122105717456198697,247903501729335,HU.co,,"KHAIE
#pakistanidrama 
#Khaie 
#FaisalQureshi 
#latestepisode",175,"02/02/2024 22:02",N/A,https://www.facebook.com/hu.4113/posts/pfbid02sa49DCU4XQWXxG9NYGLyCisVDeriURV9gCGASGUQWKkyQ469EBm2bWoMoxb5mzY6l,0,0,Video,,,,,Lifetime,1033.06,13.96,0,6,0,53,69,,4,24,1,,3,7,6,0,16,0,,,,,,,,,,,,,,,,,,,,,,,,,,,,,,,,,,,,,,,,,,,,,,,,,,,,,,,,,,,,,
122105906906198697,247903501729335,HU.co,,"Ishq Murshid

#DureFishan 
#bilalabbas 
#IshqMurshid 
#pakistanidrama 
#latestepisode",162,"02/03/2024 03:02",N/A,https://www.facebook.com/hu.4113/posts/pfbid02KuMoCjLPCvDRjWxx3dXVL6rvUDDCZ6fMVdc5UkmouV6uiBvFss7wS3dHvMZEZXGRl,0,0,Video,,,,,Lifetime,654.79,6.18,0,6,0,96,112,,2,29,3,,2,9,8,0,27,0,,,,,,,,,,,,,,,,,,,,,,,,,,,,,,,,,,,,,,,,,,,,,,,,,,,,,,,,,,,,,
122107711220198697,247903501729335,HU.co,,"Ishq Murshid
#DureFishan 
#bilalabbas 
#IshqMurshid 
#pakistanidrama 
#latestepisode",119,"02/04/2024 23:02",N/A,https://www.facebook.com/hu.4113/posts/pfbid02T5n3qW935PqNUXgeXpTzYGY3dwjyQ1ZaZYbz9qQ73kZadxs7jjNFTxurtM76vqE6l,0,0,Video,,,,,Lifetime,3025.84,12.45,0,11,0,250,262,,17,121,9,,17,20,18,0,114,0,10,12,18,27,29,23,2,7,3,10,2,15,3,21,6,26,3,17,6,2,0,98,23,,,,121,,,,,,,,,,,,,,,,,,,,,,,,,,,,,,,,,,
122107890326198697,247903501729335,HU.co,,"KHAIE
#pakistanidrama 
#Khaie 
#FaisalQureshi 
#latestepisode",153,"02/05/2024 03:02",N/A,https://www.facebook.com/hu.4113/posts/pfbid0xCvwi9tFm7MbHmZ5W3bAwHmogy5Bm8yEkKpsJ4doFt5LXzAaaNu7hEGEt5MbFnmal,0,0,Video,,,,,Lifetime,7461.06,30.33,0,7,0,83,93,,45,110,1,,6,8,7,0,63,0,,,,,,,,,,,,,,,,,,,,,,,,,,,,,,,,,,,,,,,,,,,,,,,,,,,,,,,,,,,,,
122109032954198697,247903501729335,HU.co,,"KHAIE
#pakistanidrama 
#Khaie 
#FaisalQureshi 
#latestepisode",241,"02/06/2024 05:02",N/A,https://www.facebook.com/hu.4113/posts/pfbid02JMomJYTBwYTpuC2HLTyEwfJyz8sgw6sEM1T9vpo9JryTV88h7sbHJX4zanfYf16Wl,0,0,Video,,,,,Lifetime,3393.43,8.22,0,8,0,499,517,,8,173,15,,6,23,22,0,169,0,7,11,18,44,57,32,4,5,2,4,7,7,11,20,24,31,26,22,10,4,0,93,80,,,15,124,1,1,1,1,1,1,1,1,1,1,1,1,1,2,2,2,2,2,2,2,3,3,1,,,,,,,,,,,
122109218990198697,247903501729335,HU.co,,"KHAIE
#pakistanidrama 
#Khaie 
#FaisalQureshi 
#latestepisode",306,"02/06/2024 09:02",N/A,https://www.facebook.com/hu.4113/posts/pfbid024Btet2gFCDJc2VbiZbbbyFDSd4peELMvysEV8SeviGoAiiPFyvvxpCJv51z9admUl,0,0,Video,,,,,Lifetime,258.9,2.98,0,4,0,90,99,,1,15,,,1,4,4,0,15,0,,,,,,,,,,,,,,,,,,,,,,,,,,,,,,,,,,,,,,,,,,,,,,,,,,,,,,,,,,,,,
122109733292198697,247903501729335,HU.co,,"KHAIE
#pakistanidrama 
#Khaie 
#FaisalQureshi 
#latestepisode",136,"02/06/2024 22:02",N/A,https://www.facebook.com/hu.4113/posts/pfbid02v7vdXcNuYCWwk4XxKdMSpKmvF9T9V5jJkoVfFC8GWDjP554tnnkA83QxiRJj8kbDl,0,0,Video,,,,,Lifetime,1444.85,5.51,0,10,1,327,340,,4,85,6,,3,17,14,0,77,0,,,,,,,,,,,,,,,,,,,,,,,,,,,,,,,,,,,,,,,,,,,,,,,,,,,,,,,,,,,,,
122109853892198697,247903501729335,HU.co,,"KHAIE
#pakistanidrama 
#Khaie 
#FaisalQureshi 
#latestepisode",301,"02/07/2024 02:02",N/A,https://www.facebook.com/hu.4113/posts/pfbid02NTmvzvP11zpj4wfcwzpNCWjL6Byda61AActiknqjiUY4fmCxQ1euRr1swmPatdXsl,0,0,Video,,,,,Lifetime,730.9,8.31,0,4,0,70,82,,2,31,1,,2,5,5,0,23,0,,,,,,,,,,,,,,,,,,,,,,,,,,,,,,,,,,,,,,,,,,,,,,,,,,,,,,,,,,,,,
122110771526198697,247903501729335,HU.co,,"KHAIE
#pakistanidrama 
#Khaie 
#FaisalQureshi 
#latestepisode",366,"02/07/2024 22:02",N/A,https://www.facebook.com/hu.4113/posts/pfbid0wc6N2jmFTENdviyheLhfLC2cP4ZouihpJ4F1wo6A7xXpo4rEMFA7ozWvp58QC722l,0,0,Video,,,,,Lifetime,664.52,3.5,0,5,0,220,234,,1,50,4,,1,9,8,0,45,0,,,,,,,,,,,,,,,,,,,,,,,,,,,,,,,,,,,,,,,,,,,,,,,,,,,,,,,,,,,,,
122110964156198697,247903501729335,HU.co,,"KHAIE
#pakistanidrama 
#Khaie 
#FaisalQureshi 
#latestepisode",216,"02/08/2024 03:02",N/A,https://www.facebook.com/hu.4113/posts/pfbid02xRbg5gB3rroV7KhTY8ERDLkcCoMPDLM1TsJAH1L81Cv9pYQAZdP6fCiTdUgiFddpl,0,0,Video,,,,,Lifetime,532.63,4.37,0,5,0,122,138,,0,34,2,,0,7,6,0,32,0,,,,,,,,,,,,,,,,,,,,,,,,,,,,,,,,,,,,,,,,,,,,,,,,,,,,,,,,,,,,,
122111727344198697,247903501729335,HU.co,,"KHAIE
#pakistanidrama 
#Khaie 
#FaisalQureshi 
#latestepisode",204,"02/08/2024 21:02",N/A,https://www.facebook.com/hu.4113/posts/pfbid02aNkL1Cb4p9AmhemtBwHp31FzfsSecF1cV26hCFFmgZvGx2qNmro1pkgw3zoWuSCnl,0,0,Video,,,,,Lifetime,2528.1,14.12,0,14,0,182,195,,9,91,3,,6,17,15,0,80,0,,,,,,,,,,,,,,,,,,,,,,,,,,,,,,,,,,,,,,,,,,,,,,,,,,,,,,,,,,,,,
122112898358198697,247903501729335,HU.co,,"KHAIE
#pakistanidrama
#Khaie
#FaisalQureshi
#latestepisode",248,"02/09/2024 22:02",N/A,https://www.facebook.com/hu.4113/posts/pfbid0RTkNiEDFBcEr85KC9EYCzzvWHr5rRM5mzXTreMyfvaf64PyFBs5w4U6BvY2MeDLhl,0,0,Video,,,,,Lifetime,2090.95,7.14,0,8,0,380,383,,5,83,3,,5,11,8,0,81,0,,,,,,,,,,,,,,,,,,,,,,,,,,,,,,,,,,,,,,,,,,,,,,,,,,,,,,,,,,,,,
122112903692198697,247903501729335,HU.co,,"KHAIE
#pakistanidrama
#Khaie
#FaisalQureshi
#latestepisode",248,"02/09/2024 22:02",N/A,https://www.facebook.com/hu.4113/posts/pfbid0BXNhkr2MZ5E26TyCgrUTsEJXnnfx6c3qF2rNVZhHrwdXbLAcCZ7kaNkQ7hns5Fhml,0,0,Video,,,,,Lifetime,955.67,4.32,0,4,0,293,304,,2,46,4,,2,8,8,0,44,0,,,,,,,,,,,,,,,,,,,,,,,,,,,,,,,,,,,,,,,,,,,,,,,,,,,,,,,,,,,,,
122113134578198697,247903501729335,HU.co,,"KHAIE
#pakistanidrama
#Khaie
#FaisalQureshi
#latestepisode",304,"02/10/2024 03:02",N/A,https://www.facebook.com/hu.4113/posts/pfbid02AACPBvagtdGSAxRyWHqd2dcQR83vTA7gQ1pL4gsPUKWRX75gdszuvPJ4ZuPNt8i9l,0,0,Video,,,,,Lifetime,769.78,10.4,0,4,0,51,62,,2,20,,,2,4,4,0,19,0,,,,,,,,,,,,,,,,,,,,,,,,,,,,,,,,,,,,,,,,,,,,,,,,,,,,,,,,,,,,,
122113212698198697,247903501729335,HU.co,,"KHAIE
#pakistanidrama
#Khaie
#FaisalQureshi
#latestepisode",158,"02/10/2024 05:02",N/A,https://www.facebook.com/hu.4113/posts/pfbid02hALjdcepf3kr61yxaDYCEHUuFfJYttzKuhDh1fQvNc6hUknT7cRTDTiuTSpLfXnFl,0,0,Video,,,,,Lifetime,207.38,3.46,0,6,0,61,72,,0,15,3,,0,9,8,0,15,0,,,,,,,,,,,,,,,,,,,,,,,,,,,,,,,,,,,,,,,,,,,,,,,,,,,,,,,,,,,,,
122113332608198697,247903501729335,HU.co,,"KHAIE
#pakistanidrama
#Khaie
#FaisalQureshi
#latestepisode",315,"02/10/2024 07:02",N/A,https://www.facebook.com/hu.4113/posts/pfbid07JJpBJ3C8Wp6FGeJg4XDY5qy63cpvJVxjui3ZM7L1mQrQp4funeGT1rUyuHmnCBcl,0,0,Video,,,,,Lifetime,2966.13,13.12,0,7,0,102,114,,11,75,1,,11,8,8,0,73,0,,,,,,,,,,,,,,,,,,,,,,,,,,,,,,,,,,,,,,,,,,,,,,,,,,,,,,,,,,,,,
122113381946198697,247903501729335,HU.co,,"KHAIE
#pakistanidrama
#Khaie
#FaisalQureshi
#latestepisode",274,"02/10/2024 08:02",N/A,https://www.facebook.com/hu.4113/posts/pfbid0pAby8mAbdA5XrgLatQLVAZE7Z1Mwxf6Uwbkn4xKvEyKjydpebMxkwmw8aTXuctRrl,0,0,Video,,,,,Lifetime,847.42,9.02,0,3,0,99,111,,4,36,3,,4,6,6,0,34,0,,,,,,,,,,,,,,,,,,,,,,,,,,,,,,,,,,,,,,,,,,,,,,,,,,,,,,,,,,,,,
122114207456198697,247903501729335,HU.co,,"KHAIE
#pakistanidrama
#Khaie
#FaisalQureshi
#latestepisode",194,"02/10/2024 21:02",N/A,https://www.facebook.com/hu.4113/posts/pfbid0Z8nACs7kT978A7GRo4ZrGY7wd9WH9SZ7vgKZ1T9DD1hYiyxxyt4RDAGKicD8YTrLl,0,0,Video,,,,,Lifetime,4218.11,9.25,0,16,0,563,590,,12,196,19,,12,35,32,0,190,0,1,7,27,50,73,36,2,1,0,2,4,18,9,27,23,50,23,28,8,2,0,128,67,5,,21,154,,,,,,,1,,,,,,,,1,,1,4,1,,2,,,1,,,,3,1,1,,,,
122115033344198697,247903501729335,HU.co,,"KHAIE
#pakistanidrama
#Khaie
#FaisalQureshi
#latestepisode",152,"02/11/2024 22:02",N/A,https://www.facebook.com/hu.4113/posts/pfbid0n9CictpsdG5hxmBLwfNbDvFNAnj6NT6X4SUzF75UmP6WwA1kFazPUFvVnPScoyUhl,0,0,Video,,,,,Lifetime,2648.17,11.22,3,5,0,261,273,,8,131,10,,7,18,14,0,123,0,3,5,15,32,53,21,2,3,0,3,2,12,3,20,12,40,12,15,6,2,0,95,35,,,28,97,1,,,,,,,,,,,,,1,,,,,,1,,,,,,,,,,,,1,1,1
122115128690198697,247903501729335,HU.co,,"KHAIE
#pakistanidrama
#Khaie
#FaisalQureshi
#latestepisode",277,"02/12/2024 01:02",N/A,https://www.facebook.com/hu.4113/posts/pfbid02x6ABwbqAcKZFkTYuxzZXE2oePSXzxxzZNCQdN1TSBXNy72QEV5DroTUfzhci4hDWl,0,0,Video,,,,,Lifetime,1675.19,10.47,0,6,0,129,137,,6,61,4,,6,10,10,0,60,0,,,,,,,,,,,,,,,,,,,,,,,,,,,,,,,,,,,,,,,,,,,,,,,,,,,,,,,,,,,,,
122115151388198697,247903501729335,HU.co,,"KHAIE
#khaie #faysalquraishi #hinabayat #uzmahassan #osamatahir #sabafaisal #noorulhassan #shujaasad #lailawasti #saqlainabbas #geotv #syedwajahathussain #asadqureshi #abdullahkadwani #thskyentertainment #javedjamal #shamylkhan #khalidbutt #geoentertainment #durefishansaleem #harpalgeo #nabeelzuberi #mahnoor #hassannoman #mahenurhaider #durefishan #fuchsiamagazine #fuchsiaepaper #khudaaurmohabbat #trending",241,"02/12/2024 02:02",N/A,https://www.facebook.com/hu.4113/posts/pfbid022fkxxUc7zsTEtQQn4rU3VEMnkequj8KDYEpdrVKtM9A7vt2pSgq3azBjRqvN6F8Bl,0,0,Video,,,,,Lifetime,1301.54,14.15,0,5,0,89,97,,6,37,,,6,5,5,0,36,0,,,,,,,,,,,,,,,,,,,,,,,,,,,,,,,,,,,,,,,,,,,,,,,,,,,,,,,,,,,,,
122115179198198697,247903501729335,HU.co,,"KHAIE
#khaie #faysalquraishi #hinabayat #uzmahassan #osamatahir #sabafaisal #noorulhassan #shujaasad #lailawasti #saqlainabbas #geotv #syedwajahathussain #asadqureshi #abdullahkadwani #thskyentertainment #javedjamal #shamylkhan #khalidbutt #geoentertainment #durefishansaleem #harpalgeo #nabeelzuberi #mahnoor #hassannoman #mahenurhaider #durefishan #fuchsiamagazine #fuchsiaepaper #khudaaurmohabbat #trending",206,"02/12/2024 03:02",N/A,https://www.facebook.com/hu.4113/posts/pfbid0qU4teogs8JqjqATuNQtgKrUHNcXE3PfhXoWGWYAL5VzFfNTP9TnU85pkvCaf65rZl,0,0,Video,,,,,Lifetime,1561.27,10.77,0,6,0,82,92,,6,56,2,,6,8,8,0,54,0,,,,,,,,,,,,,,,,,,,,,,,,,,,,,,,,,,,,,,,,,,,,,,,,,,,,,,,,,,,,,
122115215132198697,247903501729335,HU.co,,"KHAIE 
#khaie #faysalquraishi #hinabayat #uzmahassan #osamatahir #sabafaisal #noorulhassan #shujaasad #lailawasti #saqlainabbas #geotv #syedwajahathussain #asadqureshi #abdullahkadwani #thskyentertainment #javedjamal #shamylkhan #khalidbutt #geoentertainment #durefishansaleem #harpalgeo #nabeelzuberi #mahnoor #hassannoman #mahenurhaider #durefishan #fuchsiamagazine #fuchsiaepaper #khudaaurmohabbat #trending",285,"02/12/2024 05:02",N/A,https://www.facebook.com/hu.4113/posts/pfbid08b7hxtPiDwJCaBqg35ocwqf82zD73cX1FKSMhgX5FwVvXf5mD7hcxNoDg33zEUmcl,0,0,Video,,,,,Lifetime,2217.77,10.56,0,7,0,89,102,,6,77,2,,6,9,8,0,69,0,,,,,,,,,,,,,,,,,,,,,,,,,,,,,,,,,,,,,,,,,,,,,,,,,,,,,,,,,,,,,
122115617018198697,247903501729335,HU.co,,"ISHQ MURSHID
#ishqmurshid #humtv #bilalabbaskhan #moomalentertainment #farooqrind #mdproductions #durefishansaleem #abdulkhaliqkhan #excitement #masterpaints #bilalabbas #yumnazaidi #wahajali #ayezakhan #humpr #humtvdramas #comingsoon #hibabukhari #sabaqamar #haniaamir #ferozekhan #muneebbutt #minalkhan #ahadrazamir #sajalaly #psu #farhansaeed #terebin #zaranoor #haroonkadwani",238,"02/12/2024 20:02",N/A,https://www.facebook.com/hu.4113/posts/pfbid02wFtTJnbgRzwJpfcHZDruZrZ8rdwYH5q6LNe596AQWYuigiy3ft8p6msnvdWtcCb3l,0,0,Video,,,,,Lifetime,4837.3,12.9,0,8,0,428,439,,19,137,11,,19,19,18,0,131,0,10,7,14,27,49,28,2,7,3,3,4,5,9,14,13,30,19,22,6,2,0,83,54,1,1,25,105,,,,,,,,,,,,,,,,,1,,,,1,,,1,1,1,,,,,,,,
122115698228198697,247903501729335,HU.co,,"ISHQ MURSHID
#ishqmurshid #humtv #bilalabbaskhan #moomalentertainment #farooqrind #mdproductions #durefishansaleem #abdulkhaliqkhan #excitement #masterpaints #bilalabbas #yumnazaidi #wahajali #ayezakhan #humpr #humtvdramas #comingsoon #hibabukhari #sabaqamar #haniaamir #ferozekhan #muneebbutt #minalkhan #ahadrazamir #sajalaly #psu #farhansaeed #terebin #zaranoor #haroonkadwani",232,"02/13/2024 01:02",N/A,https://www.facebook.com/hu.4113/posts/pfbid02iaaNtDy7imtyzjQSaPTBFaurMaWspY7bL8AxyYgp9akvDtZdhZgx7nTAYYjbxJmyl,0,0,Video,,,,,Lifetime,1475.25,13.06,0,8,0,111,123,,7,52,4,,7,12,11,0,48,0,,,,,,,,,,,,,,,,,,,,,,,,,,,,,,,,,,,,,,,,,,,,,,,,,,,,,,,,,,,,,
122115765920198697,247903501729335,HU.co,,"#ishqmurshid #humtv #bilalabbaskhan #moomalentertainment #farooqrind #mdproductions #durefishansaleem #abdulkhaliqkhan #excitement #masterpaints #bilalabbas #yumnazaidi #wahajali #ayezakhan #humpr #humtvdramas #comingsoon #hibabukhari #sabaqamar #haniaamir #ferozekhan #muneebbutt #minalkhan #ahadrazamir #sajalaly #psu #farhansaeed #terebin #zaranoor #haroonkadwani",183,"02/13/2024 02:02",N/A,https://www.facebook.com/hu.4113/posts/pfbid02hcYxwVRqJdsMuEZAtFSVXAPXV2ANRk3PttrD49a4QkCW4AQ383JHrQ7kt8y4AZNcl,0,0,Video,,,,,Lifetime,2854.17,17.95,0,12,0,148,161,,13,60,7,,11,19,17,0,52,0,,,,,,,,,,,,,,,,,,,,,,,,,,,,,,,,,,,,,,,,,,,,,,,,,,,,,,,,,,,,,
122116266764198697,247903501729335,HU.co,,"KHAIE 
#khaie #faysalquraishi #hinabayat #uzmahassan #osamatahir #sabafaisal #noorulhassan #shujaasad #lailawasti #saqlainabbas #geotv #syedwajahathussain #asadqureshi #abdullahkadwani #thskyentertainment #javedjamal #shamylkhan #khalidbutt #geoentertainment #durefishansaleem #harpalgeo #nabeelzuberi #mahnoor #hassannoman #mahenurhaider #durefishan #fuchsiamagazine #fuchsiaepaper #khudaaurmohabbat #trending",216,"02/13/2024 22:02",N/A,https://www.facebook.com/hu.4113/posts/pfbid0rgHoEMd3uay4GUoyVF7WAzSUGHeRzDZyRs3oW7qPtHxhg9f3EMaqznikSZFMVwYZl,0,0,Video,,,,,Lifetime,862.62,10.39,0,4,0,76,89,,3,26,2,,2,6,5,0,24,0,,,,,,,,,,,,,,,,,,,,,,,,,,,,,,,,,,,,,,,,,,,,,,,,,,,,,,,,,,,,,
122116279124198697,247903501729335,HU.co,,"KHAIE 
#khaie #faysalquraishi #hinabayat #uzmahassan #osamatahir #sabafaisal #noorulhassan #shujaasad #lailawasti #saqlainabbas #geotv #syedwajahathussain #asadqureshi #abdullahkadwani #thskyentertainment #javedjamal #shamylkhan #khalidbutt #geoentertainment #durefishansaleem #harpalgeo #nabeelzuberi #mahnoor #hassannoman #mahenurhaider #durefishan #fuchsiamagazine #fuchsiaepaper #khudaaurmohabbat #trending",182,"02/13/2024 23:02",N/A,https://www.facebook.com/hu.4113/posts/pfbid02Ec9hwPdFs1Vk3Zfjn1tgS2FPNuNKpFp5isxhvbDJMnZPBeUHRZjcLKmN8QAeEyW6l,0,0,Video,,,,,Lifetime,749.31,9.73,0,8,0,74,88,,3,28,1,,3,9,9,0,25,0,,,,,,,,,,,,,,,,,,,,,,,,,,,,,,,,,,,,,,,,,,,,,,,,,,,,,,,,,,,,,
122116329794198697,247903501729335,HU.co,,"KHAIE 
#khaie #faysalquraishi #hinabayat #uzmahassan #osamatahir #sabafaisal #noorulhassan #shujaasad #lailawasti #saqlainabbas #geotv #syedwajahathussain #asadqureshi #abdullahkadwani #thskyentertainment #javedjamal #shamylkhan #khalidbutt #geoentertainment #durefishansaleem #harpalgeo #nabeelzuberi #mahnoor #hassannoman #mahenurhaider #durefishan #fuchsiamagazine #fuchsiaepaper #khudaaurmohabbat #trending",285,"02/14/2024 01:02",N/A,https://www.facebook.com/hu.4113/posts/pfbid0Bg18S6HejRKP4EB9b61ALAFvgYYM6JJSq6EZNSnarZVo56jX2RtURESoNBu4P3jwl,0,0,Video,,,,,Lifetime,933.61,9.62,0,11,0,98,113,,4,33,3,,4,14,13,0,33,0,,,,,,,,,,,,,,,,,,,,,,,,,,,,,,,,,,,,,,,,,,,,,,,,,,,,,,,,,,,,,
122116351766198697,247903501729335,HU.co,,"KHAIE 
#khaie #faysalquraishi #hinabayat #uzmahassan #osamatahir #sabafaisal #noorulhassan #shujaasad #lailawasti #saqlainabbas #geotv #syedwajahathussain #asadqureshi #abdullahkadwani #thskyentertainment #javedjamal #shamylkhan #khalidbutt #geoentertainment #durefishansaleem #harpalgeo #nabeelzuberi #mahnoor #hassannoman #mahenurhaider #durefishan #fuchsiamagazine #fuchsiaepaper #khudaaurmohabbat #trending",293,"02/14/2024 02:02",N/A,https://www.facebook.com/hu.4113/posts/pfbid06sqxRtygB8jUgJ6dyGaXey7ezkBz3iqiG2jiX2dX4xcHsVH38UvXLnuqJ24f9iuLl,0,0,Video,,,,,Lifetime,784.99,8.92,0,5,0,82,99,,2,36,1,,2,6,6,0,33,0,,,,,,,,,,,,,,,,,,,,,,,,,,,,,,,,,,,,,,,,,,,,,,,,,,,,,,,,,,,,,
122116795106198697,247903501729335,HU.co,,"KHAIE 
#khaie #faysalquraishi #hinabayat #uzmahassan #osamatahir #sabafaisal #noorulhassan #shujaasad #lailawasti #saqlainabbas #geotv #syedwajahathussain #asadqureshi #abdullahkadwani #thskyentertainment #javedjamal #shamylkhan #khalidbutt #geoentertainment #durefishansaleem #harpalgeo #nabeelzuberi #mahnoor #hassannoman #mahenurhaider #durefishan #fuchsiamagazine #fuchsiaepaper #khudaaurmohabbat #trending",68,"02/14/2024 23:02",N/A,https://www.facebook.com/hu.4113/posts/pfbid02wj5fdFXZbaAsU7HGG7ajh9eHqBTworkewVDVFK7v1uYhFrxDsYqfLY5fLBHtVnvdl,0,0,Video,,,,,Lifetime,926.89,7.92,0,10,0,128,144,,6,40,4,,6,14,13,0,37,0,,,,,,,,,,,,,,,,,,,,,,,,,,,,,,,,,,,,,,,,,,,,,,,,,,,,,,,,,,,,,
122116809038198697,247903501729335,HU.co,,"KHAIE 
#khaie #faysalquraishi #hinabayat #uzmahassan #osamatahir #sabafaisal #noorulhassan #shujaasad #lailawasti #saqlainabbas #geotv #syedwajahathussain #asadqureshi #abdullahkadwani #thskyentertainment #javedjamal #shamylkhan #khalidbutt #geoentertainment #durefishansaleem #harpalgeo #nabeelzuberi #mahnoor #hassannoman #mahenurhaider #durefishan #fuchsiamagazine #fuchsiaepaper #khudaaurmohabbat #trending",287,"02/15/2024 00:02",N/A,https://www.facebook.com/hu.4113/posts/pfbid02X1oohSPMgA25L3R9PkTbp5CVKFZhp6idyu7pLkAV2Qq4zDY6VRfPy4LRnN4EdVxVl,0,0,Video,,,,,Lifetime,799.63,9.52,0,5,0,82,97,,3,35,4,,3,9,9,0,34,0,,,,,,,,,,,,,,,,,,,,,,,,,,,,,,,,,,,,,,,,,,,,,,,,,,,,,,,,,,,,,
122116827200198697,247903501729335,HU.co,,"KHAIE 
#khaie #faysalquraishi #hinabayat #uzmahassan #osamatahir #sabafaisal #noorulhassan #shujaasad #lailawasti #saqlainabbas #geotv #syedwajahathussain #asadqureshi #abdullahkadwani #thskyentertainment #javedjamal #shamylkhan #khalidbutt #geoentertainment #durefishansaleem #harpalgeo #nabeelzuberi #mahnoor #hassannoman #mahenurhaider #durefishan #fuchsiamagazine #fuchsiaepaper #khudaaurmohabbat #trending",63,"02/15/2024 01:02",N/A,https://www.facebook.com/hu.4113/posts/pfbid0sobe9YxH5LsP45WuUj7bQi1ca1P4vkwbhVdziXm9btSwSV7yt7HH7vwtpcJXSsCol,0,0,Video,,,,,Lifetime,521.5,6.95,0,5,0,82,95,,0,26,,,0,5,5,0,24,0,,,,,,,,,,,,,,,,,,,,,,,,,,,,,,,,,,,,,,,,,,,,,,,,,,,,,,,,,,,,,
122116862978198697,247903501729335,HU.co,,"KHAIE 
#khaie #faysalquraishi #hinabayat #uzmahassan #osamatahir #sabafaisal #noorulhassan #shujaasad #lailawasti #saqlainabbas #geotv #syedwajahathussain #asadqureshi #abdullahkadwani #thskyentertainment #javedjamal #shamylkhan #khalidbutt #geoentertainment #durefishansaleem #harpalgeo #nabeelzuberi #mahnoor #hassannoman #mahenurhaider #durefishan #fuchsiamagazine #fuchsiaepaper #khudaaurmohabbat #trending",144,"02/15/2024 03:02",N/A,https://www.facebook.com/hu.4113/posts/pfbid02uKjFAeV8zrSrYCpq7mMnov2FNhDw114so8ogrcnEF28ZBmYmeLVeQNKJPLsEuiXFl,0,0,Video,,,,,Lifetime,832.06,9.46,0,6,0,88,103,,4,29,1,,3,7,6,0,24,0,,,,,,,,,,,,,,,,,,,,,,,,,,,,,,,,,,,,,,,,,,,,,,,,,,,,,,,,,,,,,
122116887458198697,247903501729335,HU.co,,"KHAIE 
#khaie #faysalquraishi #hinabayat #uzmahassan #osamatahir #sabafaisal #noorulhassan #shujaasad #lailawasti #saqlainabbas #geotv #syedwajahathussain #asadqureshi #abdullahkadwani #thskyentertainment #javedjamal #shamylkhan #khalidbutt #geoentertainment #durefishansaleem #harpalgeo #nabeelzuberi #mahnoor #hassannoman #mahenurhaider #durefishan #fuchsiamagazine #fuchsiaepaper #khudaaurmohabbat #trending",229,"02/15/2024 04:02",N/A,https://www.facebook.com/hu.4113/posts/pfbid0QaJwyY6J5k2dXbHMtQtAbM45VZxmMo1LFEEfsZhBryidVbUkP8x4CcQhpZr7hnoJl,0,0,Video,,,,,Lifetime,4113.54,17.96,1,15,0,218,236,,14,126,9,,13,25,21,0,107,0,11,7,17,19,45,24,3,8,3,7,0,10,7,17,2,32,13,20,4,3,0,97,29,,,3,121,,,,,,,,,,,,,,1,,,,,,,,,,,,,1,,,,,,,
122117724548198697,247903501729335,HU.co,,,0,"02/16/2024 22:02",N/A,https://www.facebook.com/hu.4113/posts/pfbid02CiBCtYFJqE5E4G9XosLAq7u11M8yBSYES9SjBhWa6xphwqHLA7sBvABKMbLP3xuBl,0,0,Photo,,,,,Lifetime,,,0,3,0,155,162,,0,0,,,0,3,3,0,0,0,,,,,,,,,,,,,,,,,,,,,,,,,,,,,,,,,,,,,,,,,,,,,,,,,,,,,,,,,,,,,
122117729072198697,247903501729335,HU.co,,"KHAIE 
#khaie #faysalquraishi #hinabayat #uzmahassan #osamatahir #sabafaisal #noorulhassan #shujaasad #lailawasti #saqlainabbas #geotv #syedwajahathussain #asadqureshi #abdullahkadwani #thskyentertainment #javedjamal #shamylkhan #khalidbutt #geoentertainment #durefishansaleem #harpalgeo #nabeelzuberi #mahnoor #hassannoman #mahenurhaider #durefishan #fuchsiamagazine #fuchsiaepaper #khudaaurmohabbat #trending",259,"02/16/2024 23:02",N/A,https://www.facebook.com/hu.4113/posts/pfbid02UjE6yQ8xdguQgEiuFb1mtHCSdMpYq92MEX21XeUxBvQEZKQNMfgb9C5G1RKFw5kPl,0,0,Video,,,,,Lifetime,2042.58,22.45,0,9,0,91,104,,6,35,1,,5,10,10,0,30,0,,,,,,,,,,,,,,,,,,,,,,,,,,,,,,,,,,,,,,,,,,,,,,,,,,,,,,,,,,,,,
122117771228198697,247903501729335,HU.co,,"KHAIE 
#khaie #faysalquraishi #hinabayat #uzmahassan #osamatahir #sabafaisal #noorulhassan #shujaasad #lailawasti #saqlainabbas #geotv #syedwajahathussain #asadqureshi #abdullahkadwani #thskyentertainment #javedjamal #shamylkhan #khalidbutt #geoentertainment #durefishansaleem #harpalgeo #nabeelzuberi #mahnoor #hassannoman #mahenurhaider #durefishan #fuchsiamagazine #fuchsiaepaper #khudaaurmohabbat #trending",256,"02/17/2024 01:02",N/A,https://www.facebook.com/hu.4113/posts/pfbid02pS7N2KSS26MWt7axnASPbzYhvNN7zGkxANXvmFJ8Eedb7gLqPGMcWzzJs21zcE28l,0,0,Video,,,,,Lifetime,1183.61,16.67,0,6,0,63,75,,6,23,1,,5,7,7,0,16,0,,,,,,,,,,,,,,,,,,,,,,,,,,,,,,,,,,,,,,,,,,,,,,,,,,,,,,,,,,,,,
122117817314198697,247903501729335,HU.co,,"KHAIE 
#khaie #faysalquraishi #hinabayat #uzmahassan #osamatahir #sabafaisal #noorulhassan #shujaasad #lailawasti #saqlainabbas #geotv #syedwajahathussain #asadqureshi #abdullahkadwani #thskyentertainment #javedjamal #shamylkhan #khalidbutt #geoentertainment #durefishansaleem #harpalgeo #nabeelzuberi #mahnoor #hassannoman #mahenurhaider #durefishan #fuchsiamagazine #fuchsiaepaper #khudaaurmohabbat #trending",144,"02/17/2024 03:02",N/A,https://www.facebook.com/hu.4113/posts/pfbid02fekk4JzfwnUf9YAM9GjMArwkcPbEF9bC2DssQjeRPTz9WzqGfGRyhNzJTrGw1kEJl,0,0,Video,,,,,Lifetime,2099.61,17.79,0,7,0,113,124,,12,58,2,,12,9,9,0,54,0,,,,,,,,,,,,,,,,,,,,,,,,,,,,,,,,,,,,,,,,,,,,,,,,,,,,,,,,,,,,,
122117868806198697,247903501729335,HU.co,,"KHAIE 
#khaie #faysalquraishi #hinabayat #uzmahassan #osamatahir #sabafaisal #noorulhassan #shujaasad #lailawasti #saqlainabbas #geotv #syedwajahathussain #asadqureshi #abdullahkadwani #thskyentertainment #javedjamal #shamylkhan #khalidbutt #geoentertainment #durefishansaleem #harpalgeo #nabeelzuberi #mahnoor #hassannoman #mahenurhaider #durefishan #fuchsiamagazine #fuchsiaepaper #khudaaurmohabbat #trending",243,"02/17/2024 05:02",N/A,https://www.facebook.com/hu.4113/posts/pfbid023jMSrnH1bixGwKwbTEH9obf9xbjbzPRBebJSLLniuHdAvKB86bMSeYQMvmfpW21Jl,0,0,Video,,,,,Lifetime,1413.84,11.59,0,9,0,113,126,,6,45,6,,6,15,13,0,39,0,,,,,,,,,,,,,,,,,,,,,,,,,,,,,,,,,,,,,,,,,,,,,,,,,,,,,,,,,,,,,
764309008951914,247903501729335,HU.co,,"#reels #reelsinstagram #instagram #trending #viral #explore #love #instagood #explorepage #tiktok #reelitfeelit #follow #photography #fyp #reel #instadaily #followforfollowback #reelsvideo #likeforlikes #like #fashion #memes #foryou #reelkarofeelkaro #music #o #insta #instagramreels #keepgoing",51,"02/17/2024 21:02",N/A,https://www.facebook.com/reel/764309008951914/,0,0,"FB reel",,,,,Lifetime,468.57,4.73,0,4,0,119,128,104,,,,,,,,,,,,,,,,,,,,,,,,,,,,,,,,,,,,,,,,,,,,,,,,,,,,,,,,,,,,,,,,,,,,,,,
410418471496367,247903501729335,HU.co,,"#reels #reelsinstagram #instagram #trending #viral #explore #love #instagood #explorepage #tiktok #reelitfeelit #follow #photography #fyp #reel #instadaily #followforfollowback #reelsvideo #likeforlikes #like #fashion #memes #foryou #reelkarofeelkaro #music #o #insta #instagramreels #keepgoing",58,"02/17/2024 22:02",N/A,https://www.facebook.com/reel/410418471496367/,0,0,"FB reel",,,,,Lifetime,471.33,5.12,0,5,0,108,116,97,,,,,,,,,,,,,,,,,,,,,,,,,,,,,,,,,,,,,,,,,,,,,,,,,,,,,,,,,,,,,,,,,,,,,,,
122119154540198697,247903501729335,HU.co,,"KHAIE
#khaie #faysalquraishi #hinabayat #uzmahassan #osamatahir #sabafaisal #noorulhassan #shujaasad #lailawasti #saqlainabbas #geotv #syedwajahathussain #asadqureshi #abdullahkadwani #thskyentertainment #javedjamal #shamylkhan #khalidbutt #geoentertainment #durefishansaleem #harpalgeo #nabeelzuberi #mahnoor #hassannoman #mahenurhaider #durefishan #fuchsiamagazine #fuchsiaepaper #khudaaurmohabbat #trending",241,"02/19/2024 22:02",N/A,https://www.facebook.com/hu.4113/posts/pfbid0EmmCXgagq7YWSj77cdwSYQtvntsp8swSq6imB55Mo2iFzQw8uTRBsjfmRMxpiFGAl,0,0,Video,,,,,Lifetime,2075.88,16.88,0,8,0,60,70,,6,60,3,,5,11,10,0,53,0,,,,,,,,,,,,,,,,,,,,,,,,,,,,,,,,,,,,,,,,,,,,,,,,,,,,,,,,,,,,,
122119217888198697,247903501729335,HU.co,,"KHAIE
#khaie #faysalquraishi #hinabayat #uzmahassan #osamatahir #sabafaisal #noorulhassan #shujaasad #lailawasti #saqlainabbas #geotv #syedwajahathussain #asadqureshi #abdullahkadwani #thskyentertainment #javedjamal #shamylkhan #khalidbutt #geoentertainment #durefishansaleem #harpalgeo #nabeelzuberi #mahnoor #hassannoman #mahenurhaider #durefishan #fuchsiamagazine #fuchsiaepaper #khudaaurmohabbat #trending",284,"02/20/2024 02:02",N/A,https://www.facebook.com/hu.4113/posts/pfbid02KycohQ8Va8d5FYGWoTPhA7QK423yiD1UWyy961mbbNv1mKHos9x3EjLSK8HWmV6el,0,0,Video,,,,,Lifetime,522.26,6.78,0,6,0,66,76,,2,26,1,,2,7,6,0,24,0,,,,,,,,,,,,,,,,,,,,,,,,,,,,,,,,,,,,,,,,,,,,,,,,,,,,,,,,,,,,,
122119397144198697,247903501729335,HU.co,,"#ishqmurshid #humtv #bilalabbaskhan #moomalentertainment #farooqrind #mdproductions #durefishansaleem #abdulkhaliqkhan #excitement #masterpaints #bilalabbas #yumnazaidi #wahajali #ayezakhan #humpr #humtvdramas #comingsoon #hibabukhari #sabaqamar #haniaamir #ferozekhan #muneebbutt #minalkhan #ahadrazamir #sajalaly #psu #farhansaeed #terebin #zaranoor #haroonkadwani",95,"02/20/2024 09:02",N/A,https://www.facebook.com/hu.4113/posts/pfbid0fGFxfnRG8fcQykTnvxVCkg9jR22hyVg7n5f13M3tzCrd6bbK7cZ4qVbp75m5QmyPl,0,0,Video,,,,,Lifetime,2093.93,14.85,0,5,1,151,161,,15,71,5,,12,11,11,0,64,0,,,,,,,,,,,,,,,,,,,,,,,,,,,,,,,,,,,,,,,,,,,,,,,,,,,,,,,,,,,,,
122119595864198697,247903501729335,HU.co,,"KHAIE
#khaie #faysalquraishi #hinabayat #uzmahassan #osamatahir #sabafaisal #noorulhassan #shujaasad #lailawasti #saqlainabbas #geotv #syedwajahathussain #asadqureshi #abdullahkadwani #thskyentertainment #javedjamal #shamylkhan #khalidbutt #geoentertainment #durefishansaleem #harpalgeo #nabeelzuberi #mahnoor #hassannoman #mahenurhaider #durefishan #fuchsiamagazine #fuchsiaepaper #khudaaurmohabbat #trending",218,"02/20/2024 23:02",N/A,https://www.facebook.com/hu.4113/posts/pfbid02G51NNs49CkUHzEV8WdTBSDuzxqUrk2jTbpJe9qx5Uhfz585CPGS5NMCPLSHnmoTcl,0,0,Video,,,,,Lifetime,1998.41,16.79,0,6,0,82,93,,8,60,1,,7,7,7,0,52,0,,,,,,,,,,,,,,,,,,,,,,,,,,,,,,,,,,,,,,,,,,,,,,,,,,,,,,,,,,,,,
122119659752198697,247903501729335,HU.co,,"KHAIE
#khaie #faysalquraishi #hinabayat #uzmahassan #osamatahir #sabafaisal #noorulhassan #shujaasad #lailawasti #saqlainabbas #geotv #syedwajahathussain #asadqureshi #abdullahkadwani #thskyentertainment #javedjamal #shamylkhan #khalidbutt #geoentertainment #durefishansaleem #harpalgeo #nabeelzuberi #mahnoor #hassannoman #mahenurhaider #durefishan #fuchsiamagazine #fuchsiaepaper #khudaaurmohabbat #trending",213,"02/21/2024 02:02",N/A,https://www.facebook.com/hu.4113/posts/pfbid0w7v9GT3Pw4d4JL4joVYhTNtbrk122JvQuHdXkj75XoPgNYWd2Pd9V1Tj9uXohit1l,0,0,Video,,,,,Lifetime,520.7,7.55,0,5,0,65,77,,1,28,5,,1,10,5,0,22,0,,,,,,,,,,,,,,,,,,,,,,,,,,,,,,,,,,,,,,,,,,,,,,,,,,,,,,,,,,,,,
1121334892393290,247903501729335,HU.co,,"#reels #reelsinsta#reelsinstagramreels #reelsvideo„Ç∑ #Instagram #trendingsongs",28,"02/21/2024 05:02",N/A,https://www.facebook.com/reel/1121334892393290/,0,0,"FB reel",,,,,Lifetime,1050.42,6.52,6,5,0,167,182,183,,,,,,,,,,,,,,,,,,,,,,,,,,,,,,,,,,,,,,,,,,,,,,,,,,,,,,,,,,,,,,,,,,,,,,,
122119822622198697,247903501729335,HU.co,,"KHAIE
#khaie #faysalquraishi #hinabayat #uzmahassan #osamatahir #sabafaisal #noorulhassan #shujaasad #lailawasti #saqlainabbas #geotv #syedwajahathussain #asadqureshi #abdullahkadwani #thskyentertainment #javedjamal #shamylkhan #khalidbutt #geoentertainment #durefishansaleem #harpalgeo #nabeelzuberi #mahnoor #hassannoman #mahenurhaider #durefishan #fuchsiamagazine #fuchsiaepaper #khudaaurmohabbat #trending",178,"02/21/2024 07:02",N/A,https://www.facebook.com/hu.4113/posts/pfbid02k4rPJLD58c1EVBuPukHqPRpkPXkhLMx6uu8rhGZG3LsfkBPqmGztMBMc9S4q9EQNl,0,0,Video,,,,,Lifetime,937.3,12.5,0,5,0,77,92,,4,30,,,2,5,5,0,25,0,,,,,,,,,,,,,,,,,,,,,,,,,,,,,,,,,,,,,,,,,,,,,,,,,,,,,,,,,,,,,
122119862072198697,247903501729335,HU.co,,"KHAIE
#khaie #faysalquraishi #hinabayat #uzmahassan #osamatahir #sabafaisal #noorulhassan #shujaasad #lailawasti #saqlainabbas #geotv #syedwajahathussain #asadqureshi #abdullahkadwani #thskyentertainment #javedjamal #shamylkhan #khalidbutt #geoentertainment #durefishansaleem #harpalgeo #nabeelzuberi #mahnoor #hassannoman #mahenurhaider #durefishan #fuchsiamagazine #fuchsiaepaper #khudaaurmohabbat #trending",286,"02/21/2024 10:02",N/A,https://www.facebook.com/hu.4113/posts/pfbid02Gsy6RFELF2ekzhoTpQCmJLT2zWw4gNngRRATDF7r5WEc3YRAt1HkzXHNqmgCm6inl,0,0,Video,,,,,Lifetime,243.4,4.77,0,3,0,47,62,,1,16,1,,1,4,4,0,12,0,,,,,,,,,,,,,,,,,,,,,,,,,,,,,,,,,,,,,,,,,,,,,,,,,,,,,,,,,,,,,
122120047550198697,247903501729335,HU.co,,"KHAIE
#khaie #faysalquraishi #hinabayat #uzmahassan #osamatahir #sabafaisal #noorulhassan #shujaasad #lailawasti #saqlainabbas #geotv #syedwajahathussain #asadqureshi #abdullahkadwani #thskyentertainment #javedjamal #shamylkhan #khalidbutt #geoentertainment #durefishansaleem #harpalgeo #nabeelzuberi #mahnoor #hassannoman #mahenurhaider #durefishan #fuchsiamagazine #fuchsiaepaper #khudaaurmohabbat #trending",286,"02/21/2024 21:02",N/A,https://www.facebook.com/hu.4113/posts/pfbid0bYnaxggpcpgbwMjtWD8GxGM8ic8STHUXgGruJ27Q1sSdCkASpQbkjj2BRBrXBn24l,0,0,Video,,,,,Lifetime,2121.33,10.4,0,5,0,44,59,,5,92,,,5,5,5,0,84,0,,,,,,,,,,,,,,,,,,,,,,,,,,,,,,,,,,,,,,,,,,,,,,,,,,,,,,,,,,,,,
122120071670198697,247903501729335,HU.co,,"KHAIE
#khaie #faysalquraishi #hinabayat #uzmahassan #osamatahir #sabafaisal #noorulhassan #shujaasad #lailawasti #saqlainabbas #geotv #syedwajahathussain #asadqureshi #abdullahkadwani #thskyentertainment #javedjamal #shamylkhan #khalidbutt #geoentertainment #durefishansaleem #harpalgeo #nabeelzuberi #mahnoor #hassannoman #mahenurhaider #durefishan #fuchsiamagazine #fuchsiaepaper #khudaaurmohabbat #trending",155,"02/21/2024 23:02",N/A,https://www.facebook.com/hu.4113/posts/pfbid031WhiSpJLYnppboRo1Mugcz3CRTsn6tTtdxTDrmjr3UyX6cxNMea7JiTyAvBedJoel,0,0,Video,,,,,Lifetime,1207.47,13.88,0,3,0,92,106,,6,29,4,,6,7,7,0,24,0,,,,,,,,,,,,,,,,,,,,,,,,,,,,,,,,,,,,,,,,,,,,,,,,,,,,,,,,,,,,,
122120206556198697,247903501729335,HU.co,,"ISHQ MURSHID 
#ishqmurshid #humtv #bilalabbaskhan #moomalentertainment #farooqrind #mdproductions #durefishansaleem #abdulkhaliqkhan #excitement #masterpaints #bilalabbas #yumnazaidi #wahajali #ayezakhan #humpr #humtvdramas #comingsoon #hibabukhari #sabaqamar #haniaamir #ferozekhan #muneebbutt #minalkhan #ahadrazamir #sajalaly #psu #farhansaeed #terebin #zaranoor #haroonkadwani",124,"02/22/2024 06:02",N/A,https://www.facebook.com/hu.4113/posts/pfbid02twtS3MBKAKKGEFk98nDRjSA1gB4UNx8LskkZ5n2qpXzghdFgtjmKiTYDVh2yUYojl,0,0,Video,,,,,Lifetime,1295.41,10.98,0,5,0,113,128,,7,40,4,,6,9,9,0,35,0,,,,,,,,,,,,,,,,,,,,,,,,,,,,,,,,,,,,,,,,,,,,,,,,,,,,,,,,,,,,,
122120261162198697,247903501729335,HU.co,,"KHAIE
#khaie #faysalquraishi #hinabayat #uzmahassan #osamatahir #sabafaisal #noorulhassan #shujaasad #lailawasti #saqlainabbas #geotv #syedwajahathussain #asadqureshi #abdullahkadwani #thskyentertainment #javedjamal #shamylkhan #khalidbutt #geoentertainment #durefishansaleem #harpalgeo #nabeelzuberi #mahnoor #hassannoman #mahenurhaider #durefishan #fuchsiamagazine #fuchsiaepaper #khudaaurmohabbat #trending",221,"02/22/2024 10:02",N/A,https://www.facebook.com/hu.4113/posts/pfbid05SJJarc5yRwSqMfBDy2Z1a7L89pSnJ5BywTTV2DmxwXFSb8dVQXfeXsvMYwYmT1Ql,0,0,Video,,,,,Lifetime,468.78,5.21,0,3,0,93,110,,1,16,1,,1,4,4,0,14,0,,,,,,,,,,,,,,,,,,,,,,,,,,,,,,,,,,,,,,,,,,,,,,,,,,,,,,,,,,,,,
3369841879992202,247903501729335,HU.co,,"#reelitfeelit #tiktok #trending #explore #instagood #follow #reelsvideo #fyp #followforfollowback #reelsinstagram #reel #reelsinsta #Instagram #reelsvideo„Ç∑ #reelsinstagramreels #reels",6,"02/23/2024 22:02",N/A,https://www.facebook.com/reel/3369841879992202/,0,0,"FB reel",,,,,Lifetime,510.49,3.27,0,4,0,165,181,218,,,,,,,,,,,,,,,,,,,,,,,,,,,,,,,,,,,,,,,,,,,,,,,,,,,,,,,,,,,,,,,,,,,,,,,
122121091562198697,247903501729335,HU.co,,"KHAIE
#khaie #faysalquraishi #hinabayat #uzmahassan #osamatahir #sabafaisal #noorulhassan #shujaasad #lailawasti #saqlainabbas #geotv #syedwajahathussain #asadqureshi #abdullahkadwani #thskyentertainment #javedjamal #shamylkhan #khalidbutt #geoentertainment #durefishansaleem #harpalgeo #nabeelzuberi #mahnoor #hassannoman #mahenurhaider #durefishan #fuchsiamagazine #fuchsiaepaper #khudaaurmohabbat #trending",224,"02/24/2024 06:02",auto,https://www.facebook.com/hu.4113/posts/pfbid0rGowvnMWJs5jWoJW6nbcuHei1wihWxnndv6RaurtMVb4mF6hZRaamZ3pCYooBc2wl,0,0,Video,,,,,Lifetime,2761.87,11.7,0,11,0,245,267,,10,91,9,,10,20,15,0,82,0,,,,,,,,,,,,,,,,,,,,,,,,,,,,,,,,,,,,,,,,,,,,,,,,,,,,,,,,,,,,,
122121363536198697,247903501729335,HU.co,,"KHAIE
#khaie #faysalquraishi #hinabayat #uzmahassan #osamatahir #sabafaisal #noorulhassan #shujaasad #lailawasti #saqlainabbas #geotv #syedwajahathussain #asadqureshi #abdullahkadwani #thskyentertainment #javedjamal #shamylkhan #khalidbutt #geoentertainment #durefishansaleem #harpalgeo #nabeelzuberi #mahnoor #hassannoman #mahenurhaider #durefishan #fuchsiamagazine #fuchsiaepaper #khudaaurmohabbat #trending",212,"02/24/2024 22:02",auto,https://www.facebook.com/hu.4113/posts/pfbid02nUKAaNeNVqcVWPKuJc9KRp2KTGDByhQzvzAVgDQyJjMfXZ4aD1HEFfNQVmNpd8xxl,0,0,Video,,,,,Lifetime,990.49,6.19,0,8,0,179,198,,4,46,4,,4,12,10,0,42,0,,,,,,,,,,,,,,,,,,,,,,,,,,,,,,,,,,,,,,,,,,,,,,,,,,,,,,,,,,,,,
122121516380198697,247903501729335,HU.co,,"KHAIE
#khaie #faysalquraishi #hinabayat #uzmahassan #osamatahir #sabafaisal #noorulhassan #shujaasad #lailawasti #saqlainabbas #geotv #syedwajahathussain #asadqureshi #abdullahkadwani #thskyentertainment #javedjamal #shamylkhan #khalidbutt #geoentertainment #durefishansaleem #harpalgeo #nabeelzuberi #mahnoor #hassannoman #mahenurhaider #durefishan #fuchsiamagazine #fuchsiaepaper #khudaaurmohabbat #trending",198,"02/25/2024 05:02",N/A,https://www.facebook.com/hu.4113/posts/pfbid02sJYfRBexrYsEXt8u9dJED6eCBhYz59tTGRJidDoZ7o6hQywGSYeL8yNMqya6dxYpl,0,0,Video,,,,,Lifetime,2335.06,9.53,0,15,3,256,278,,6,103,11,,5,29,24,0,89,0,,,,,,,,,,,,,,,,,,,,,,,,,,,,,,,,,,,,,,,,,,,,,,,,,,,,,,,,,,,,,
122121560762198697,247903501729335,HU.co,,"ISHQ MURSHID 
#ishqmurshid #humtv #bilalabbaskhan #moomalentertainment #farooqrind #mdproductions #durefishansaleem #abdulkhaliqkhan #excitement #masterpaints #bilalabbas #yumnazaidi #wahajali #ayezakhan #humpr #humtvdramas #comingsoon #hibabukhari #sabaqamar #haniaamir #ferozekhan #muneebbutt #minalkhan #ahadrazamir #sajalaly #psu #farhansaeed #terebin #zaranoor #haroonkadwani",61,"02/25/2024 07:02",N/A,https://www.facebook.com/hu.4113/posts/pfbid031ojsbfgHDNkCUAqqhvYrETEJkn88sZZ5jFgFz4b9y9qhvf5SBVC4ZBP5tRqUss24l,0,0,Video,,,,,Lifetime,4118.4,8.56,0,23,0,533,542,,11,246,22,,11,45,39,0,234,0,4,28,26,44,90,52,2,3,1,18,10,19,7,39,5,77,13,41,11,2,0,199,47,1,1,1,243,,,,,,,,,,,,,,,,,,,,,,,,,,,,,,,,,,
122122732586198697,247903501729335,HU.co,,"ISHQ MURSHID 
#ishqmurshid #humtv #bilalabbaskhan #moomalentertainment #farooqrind #mdproductions #durefishansaleem #abdulkhaliqkhan #excitement #masterpaints #bilalabbas #yumnazaidi #wahajali #ayezakhan #humpr #humtvdramas #comingsoon #hibabukhari #sabaqamar #haniaamir #ferozekhan #muneebbutt #minalkhan #ahadrazamir #sajalaly #psu #farhansaeed #terebin #zaranoor #haroonkadwani",272,"02/27/2024 23:02",auto,https://www.facebook.com/hu.4113/posts/pfbid0ttHTstAuxXjKykovK3zPA3wha9ps7Aw2tXmcyMJgvqyyQ9zaKVhm92s3KHu37eBWl,0,0,Video,,,,,Lifetime,4141.25,11.16,0,21,0,384,406,,13,145,15,,12,36,33,0,136,0,10,11,15,19,43,44,3,7,3,8,3,7,8,15,4,39,4,35,9,3,0,114,31,1,2,4,136,,,,,,,,,,,,,,,,,,,,,,,,,,,,,,,1,1,,
122122863950198697,247903501729335,HU.co,,"ISHQ MURSHID
#ishqmurshid #humtv #bilalabbaskhan #moomalentertainment #farooqrind #mdproductions #durefishansaleem #abdulkhaliqkhan #excitement #masterpaints #bilalabbas #yumnazaidi #wahajali #ayezakhan #humpr #humtvdramas #comingsoon #hibabukhari #sabaqamar #haniaamir #ferozekhan #muneebbutt #minalkhan #ahadrazamir #sajalaly #psu #farhansaeed #terebin #zaranoor #haroonkadwani",140,"02/28/2024 06:02",auto,https://www.facebook.com/hu.4113/posts/pfbid0rvvZ6H7kUD8zyKZ7pLXqqVX48nCcYsKekYtTZf4e2pcXna3o7sQnWkFy6vM6EvwQl,0,0,Video,,,,,Lifetime,5983.89,11.53,0,35,1,539,560,,26,228,19,,25,55,48,0,219,0,14,20,21,33,71,64,5,9,5,12,8,17,4,23,10,58,13,51,13,4,1,174,54,1,5,6,213,,,,,,,,,,,,,,,,,,2,,,,,,,,,,,,,1,,,
122123062562198697,247903501729335,HU.co,,"ISHQ MURSHID
#ishqmurshid #humtv #bilalabbaskhan #moomalentertainment #farooqrind #mdproductions #durefishansaleem #abdulkhaliqkhan #excitement #masterpaints #bilalabbas #yumnazaidi #wahajali #ayezakhan #humpr #humtvdramas #comingsoon #hibabukhari #sabaqamar #haniaamir #ferozekhan #muneebbutt #minalkhan #ahadrazamir #sajalaly #psu #farhansaeed #terebin #zaranoor #haroonkadwani",114,"02/28/2024 22:02",N/A,https://www.facebook.com/hu.4113/posts/pfbid0o7tBjKB1HmKrHXD821uE3pRVrsmPcHV7SkRouhJnUKc5NmqzztMR6AbtLFreHASAl,0,0,Video,,,,,Lifetime,1944.22,8.72,0,13,0,227,241,,10,94,7,,10,20,20,0,89,0,,,,,,,,,,,,,,,,,,,,,,,,,,,,,,,,,,,,,,,,,,,,,,,,,,,,,,,,,,,,,
122123121704198697,247903501729335,HU.co,,"ISHQ MURSHID
#ishqmurshid #humtv #bilalabbaskhan #moomalentertainment #farooqrind #mdproductions #durefishansaleem #abdulkhaliqkhan #excitement #masterpaints #bilalabbas #yumnazaidi #wahajali #ayezakhan #humpr #humtvdramas #comingsoon #hibabukhari #sabaqamar #haniaamir #ferozekhan #muneebbutt #minalkhan #ahadrazamir #sajalaly #psu #farhansaeed #terebin #zaranoor #haroonkadwani",193,"02/29/2024 02:02",N/A,https://www.facebook.com/hu.4113/posts/pfbid02ih26UBVpVcpgrjgghNTWchBd7xMKWPPN32eAuk7GL4eUwBa32Pcj1f9fYrJ1Kqw6l,0,0,Video,,,,,Lifetime,811.58,5.88,0,6,0,118,134,,3,45,6,,3,12,10,0,35,0,,,,,,,,,,,,,,,,,,,,,,,,,,,,,,,,,,,,,,,,,,,,,,,,,,,,,,,,,,,,,
122125410098198697,247903501729335,HU.co,,"ISHQ MURSHID
#ishqmurshid #humtv #bilalabbaskhan #moomalentertainment #farooqrind #mdproductions #durefishansaleem #abdulkhaliqkhan #excitement #masterpaints #bilalabbas #yumnazaidi #wahajali #ayezakhan #humpr #humtvdramas #comingsoon #hibabukhari #sabaqamar #haniaamir #ferozekhan #muneebbutt #minalkhan #ahadrazamir #sajalaly #psu #farhansaeed #terebin #zaranoor #haroonkadwani",276,"03/05/2024 22:03",auto,https://www.facebook.com/hu.4113/posts/pfbid09qjxxtvwRxWUbpmKCf2u1QgqFoio2zgrH7M98w9TXeBGPUjeueiyKZhmkwvrw4Mgl,0,0,Video,,,,,Lifetime,3014.59,15.15,0,9,0,207,221,,14,94,14,,14,23,18,0,86,0,,,,,,,,,,,,,,,,,,,,,,,,,,,,,,,,,,,,,,,,,,,,,,,,,,,,,,,,,,,,,
122125539398198697,247903501729335,HU.co,,"ISHQ MURSHID
#ishqmurshid #humtv #bilalabbaskhan #moomalentertainment #farooqrind #mdproductions #durefishansaleem #abdulkhaliqkhan #excitement #masterpaints #bilalabbas #yumnazaidi #wahajali #ayezakhan #humpr #humtvdramas #comingsoon #hibabukhari #sabaqamar #haniaamir #ferozekhan #muneebbutt #minalkhan #ahadrazamir #sajalaly #psu #farhansaeed #terebin #zaranoor #haroonkadwani",275,"03/06/2024 05:03",N/A,https://www.facebook.com/hu.4113/posts/pfbid02xafQrVpLvAGatibwTUxvYtEGgceqPCrpAcYM8kouoeDCsDi86vkC2okSDvVvHBnrl,0,0,Video,,,,,Lifetime,704.47,10.84,0,5,0,64,77,,2,32,,,2,5,5,0,29,0,,,,,,,,,,,,,,,,,,,,,,,,,,,,,,,,,,,,,,,,,,,,,,,,,,,,,,,,,,,,,
122125595738198697,247903501729335,HU.co,,"ISHQ MURSHID
#ishqmurshid #humtv #bilalabbaskhan #moomalentertainment #farooqrind #mdproductions #durefishansaleem #abdulkhaliqkhan #excitement #masterpaints #bilalabbas #yumnazaidi #wahajali #ayezakhan #humpr #humtvdramas #comingsoon #hibabukhari #sabaqamar #haniaamir #ferozekhan #muneebbutt #minalkhan #ahadrazamir #sajalaly #psu #farhansaeed #terebin #zaranoor #haroonkadwani",209,"03/06/2024 08:03",N/A,https://www.facebook.com/hu.4113/posts/pfbid02SWuTcVxse3BFdqdsA4TUvXUgmqPReAHowLd2shsTGgLcyaPYyhren9MzWYU7wQoXl,0,0,Video,,,,,Lifetime,1653.25,13.66,0,10,0,113,126,,6,62,6,,6,16,15,0,57,0,,,,,,,,,,,,,,,,,,,,,,,,,,,,,,,,,,,,,,,,,,,,,,,,,,,,,,,,,,,,,
122125825070198697,247903501729335,HU.co,,"KHAIE
#khaie #faysalquraishi #hinabayat #uzmahassan #osamatahir #sabafaisal #noorulhassan #shujaasad #lailawasti #saqlainabbas #geotv #syedwajahathussain #asadqureshi #abdullahkadwani #thskyentertainment #javedjamal #shamylkhan #khalidbutt #geoentertainment #durefishansaleem #harpalgeo #nabeelzuberi #mahnoor #hassannoman #mahenurhaider #durefishan #fuchsiamagazine #fuchsiaepaper #khudaaurmohabbat #trending",127,"03/06/2024 23:03",N/A,https://www.facebook.com/hu.4113/posts/pfbid0jJQTQJa4ZBBoFUyNTvbf7HE8Yhv2hxCBSLtSXYtd4NmDjtTxS4BC6i9wx9Uz7GSPl,0,0,Video,,,,,Lifetime,457.8,7.63,0,5,0,52,63,,2,19,1,,2,6,5,0,15,0,,,,,,,,,,,,,,,,,,,,,,,,,,,,,,,,,,,,,,,,,,,,,,,,,,,,,,,,,,,,,
122125949492198697,247903501729335,HU.co,,"KHAIE
#khaie #faysalquraishi #hinabayat #uzmahassan #osamatahir #sabafaisal #noorulhassan #shujaasad #lailawasti #saqlainabbas #geotv #syedwajahathussain #asadqureshi #abdullahkadwani #thskyentertainment #javedjamal #shamylkhan #khalidbutt #geoentertainment #durefishansaleem #harpalgeo #nabeelzuberi #mahnoor #hassannoman #mahenurhaider #durefishan #fuchsiamagazine #fuchsiaepaper #khudaaurmohabbat #trending",102,"03/07/2024 06:03",N/A,https://www.facebook.com/hu.4113/posts/pfbid0vMMmeXUFKYKjk58Poy4AiwfaZbdeknkr9Q7Yjc1djqoyNtyuDtR2Mfm7Vc7jqP1bl,0,0,Video,,,,,Lifetime,822.33,7.83,2,6,0,98,111,,5,37,5,,4,13,9,0,30,0,,,,,,,,,,,,,,,,,,,,,,,,,,,,,,,,,,,,,,,,,,,,,,,,,,,,,,,,,,,,,
122125996214198697,247903501729335,HU.co,,"KHAIE
#khaie #faysalquraishi #hinabayat #uzmahassan #osamatahir #sabafaisal #noorulhassan #shujaasad #lailawasti #saqlainabbas #geotv #syedwajahathussain #asadqureshi #abdullahkadwani #thskyentertainment #javedjamal #shamylkhan #khalidbutt #geoentertainment #durefishansaleem #harpalgeo #nabeelzuberi #mahnoor #hassannoman #mahenurhaider #durefishan #fuchsiamagazine #fuchsiaepaper #khudaaurmohabbat #trending",246,"03/07/2024 08:03",N/A,https://www.facebook.com/hu.4113/posts/pfbid02k4XQaxarBiRqp2DdYeoKK8NmMG8bKXpszQGtZKxk9LmwLhhpVyEzuCp6NqcxZkrtl,0,0,Video,,,,,Lifetime,2126.97,17.43,0,9,0,112,123,,8,56,8,,8,17,13,0,51,0,,,,,,,,,,,,,,,,,,,,,,,,,,,,,,,,,,,,,,,,,,,,,,,,,,,,,,,,,,,,,
122126301386198697,247903501729335,HU.co,,"KHAIE
#khaie #faysalquraishi #hinabayat #uzmahassan #osamatahir #sabafaisal #noorulhassan #shujaasad #lailawasti #saqlainabbas #geotv #syedwajahathussain #asadqureshi #abdullahkadwani #thskyentertainment #javedjamal #shamylkhan #khalidbutt #geoentertainment #durefishansaleem #harpalgeo #nabeelzuberi #mahnoor #hassannoman #mahenurhaider #durefishan #fuchsiamagazine #fuchsiaepaper #khudaaurmohabbat #trending",249,"03/08/2024 06:03",auto,https://www.facebook.com/hu.4113/posts/pfbid02RjN6yzErWPUc15B5VsUsCF9aA9sRjpTUvqMwqX9HLq3JHSgu3p4K7Jwnc1UtYnhzl,0,0,Video,,,,,Lifetime,662.76,8.61,0,5,0,81,90,,2,26,4,,2,9,7,0,25,0,,,,,,,,,,,,,,,,,,,,,,,,,,,,,,,,,,,,,,,,,,,,,,,,,,,,,,,,,,,,,
122126336654198697,247903501729335,HU.co,,"KHAIE
#khaie #faysalquraishi #hinabayat #uzmahassan #osamatahir #sabafaisal #noorulhassan #shujaasad #lailawasti #saqlainabbas #geotv #syedwajahathussain #asadqureshi #abdullahkadwani #thskyentertainment #javedjamal #shamylkhan #khalidbutt #geoentertainment #durefishansaleem #harpalgeo #nabeelzuberi #mahnoor #hassannoman #mahenurhaider #durefishan #fuchsiamagazine #fuchsiaepaper #khudaaurmohabbat #trending",144,"03/08/2024 08:03",N/A,https://www.facebook.com/hu.4113/posts/pfbid02Nr476GM2QeKNQchA3UNPFz1X4rLfKyWQnm6UmuHtyrVnnUa1nYhMd8crDX6JpoaQl,0,0,Video,,,,,Lifetime,758.32,8.43,0,5,0,80,92,,3,30,1,,3,6,5,0,23,0,,,,,,,,,,,,,,,,,,,,,,,,,,,,,,,,,,,,,,,,,,,,,,,,,,,,,,,,,,,,,
425579423261040,247903501729335,HU.co,,"Like, Follow & Share.

#reelsviralfb #shorts #reelsinstagram #reels #shortsreels",60,"03/09/2024 12:03",auto,https://www.facebook.com/reel/425579423261040/,0,0,"FB reel",,,,,Lifetime,885.25,8.59,0,7,1,100,104,111,,,,,,,,,,,,,,,,,,,,,,,,,,,,,,,,,,,,,,,,,,,,,,,,,,,,,,,,,,,,,,,,,,,,,,,
1618458245634704,247903501729335,HU.co,,"Like, Follow & Share.

#reelsvideo„Ç∑ #reelsviralfb #reels #reelsinstagram #instagramreel #shorts #shortsreels",27,"03/09/2024 21:03",N/A,https://www.facebook.com/reel/1618458245634704/,0,0,"FB reel",,,,,Lifetime,350.23,5.56,0,5,0,52,54,68,,,,,,,,,,,,,,,,,,,,,,,,,,,,,,,,,,,,,,,,,,,,,,,,,,,,,,,,,,,,,,,,,,,,,,,
6749233711848396,247903501729335,HU.co,,"Like, Follow & Share.
#reelsviralfb #shorts #reelsinstagram #reels #shortsreels #islamicstatus #islamicreminders",23,"03/10/2024 03:03",N/A,https://www.facebook.com/reel/6749233711848396/,0,0,"FB reel",,,,,Lifetime,410.44,3.28,0,13,0,134,136,131,,,,,,,,,,,,,,,,,,,,,,,,,,,,,,,,,,,,,,,,,,,,,,,,,,,,,,,,,,,,,,,,,,,,,,,
915286233625559,247903501729335,HU.co,,"Like, Follow & Share.
#reelsviralfb #shorts #reelsinstagram #reels #shortsreels #islamicreminder #islamicstatus",24,"03/10/2024 04:03",N/A,https://www.facebook.com/reel/915286233625559/,0,0,"FB reel",,,,,Lifetime,596.36,6.85,0,6,0,75,82,102,,,,,,,,,,,,,,,,,,,,,,,,,,,,,,,,,,,,,,,,,,,,,,,,,,,,,,,,,,,,,,,,,,,,,,,
248674944978783,247903501729335,HU.co,,"Like, Follow & Share.
#reelsviralfb #shorts #reelsinstagram #reels #shortsreels #islamicreminder #islamicstatus",25,"03/10/2024 05:03",N/A,https://www.facebook.com/reel/248674944978783/,0,0,"FB reel",,,,,Lifetime,246.68,4.18,0,6,0,52,55,62,,,,,,,,,,,,,,,,,,,,,,,,,,,,,,,,,,,,,,,,,,,,,,,,,,,,,,,,,,,,,,,,,,,,,,,
1554063388469228,247903501729335,HU.co,,"Like, Follow & Share.
#reelsviralfb #shorts #reelsinstagram #reels #shortsreels #islamicreminder #islamicstatus",24,"03/10/2024 05:03",N/A,https://www.facebook.com/reel/1554063388469228/,0,0,"FB reel",,,,,Lifetime,217.9,6.05,0,4,0,22,25,39,,,,,,,,,,,,,,,,,,,,,,,,,,,,,,,,,,,,,,,,,,,,,,,,,,,,,,,,,,,,,,,,,,,,,,,
1072870440682241,247903501729335,HU.co,,"Like, Follow & Share.

#reelsviralfb #shorts #reelsinstagram #reels #shortsreels #islamicreminder #islamicstatus",10,"03/10/2024 22:03",N/A,https://www.facebook.com/reel/1072870440682241/,0,0,"FB reel",,,,,Lifetime,555.93,4.59,1,8,1,131,136,149,,,,,,,,,,,,,,,,,,,,,,,,,,,,,,,,,,,,,,,,,,,,,,,,,,,,,,,,,,,,,,,,,,,,,,,
391987613584326,247903501729335,HU.co,,"Like, Follow & Share.

#reelsviralfb #shorts #reelsinstagram #reels #shortsreels #islamicreminder #islamicstatus",31,"03/10/2024 23:03",N/A,https://www.facebook.com/reel/391987613584326/,0,0,"FB reel",,,,,Lifetime,253.47,3.47,0,7,0,73,78,75,,,,,,,,,,,,,,,,,,,,,,,,,,,,,,,,,,,,,,,,,,,,,,,,,,,,,,,,,,,,,,,,,,,,,,,
7428987107160242,247903501729335,HU.co,,"Like, Follow & Share.

#reelsviralfb #shorts #reelsinstagram #reels #shortsreels #islamicreminder #islamicstatus",20,"03/11/2024 01:03",N/A,https://www.facebook.com/reel/7428987107160242/,0,0,"FB reel",,,,,Lifetime,741.43,5.88,2,6,1,118,123,142,,,,,,,,,,,,,,,,,,,,,,,,,,,,,,,,,,,,,,,,,,,,,,,,,,,,,,,,,,,,,,,,,,,,,,,
122127299366198697,247903501729335,HU.co,,"ISHQ MURSHID
#ishqmurshid #humtv #bilalabbaskhan #moomalentertainment #farooqrind #durefishansaleem #excitement  #bilalabbas  #humtvdramas #comingsoon #psu #trending2024",134,"03/11/2024 06:03",N/A,https://www.facebook.com/hu.4113/posts/pfbid0PR36AhB8CqcMXRqCfN2P7Xjpefgps1FoHXYnUtQWgeRW3JxAXayKHggiBnHZwLhXl,0,0,Video,,,,,Lifetime,902.86,13.08,0,6,0,60,69,,3,38,3,,3,9,8,0,35,0,,,,,,,,,,,,,,,,,,,,,,,,,,,,,,,,,,,,,,,,,,,,,,,,,,,,,,,,,,,,,
122127332162198697,247903501729335,HU.co,,"ISHQ MURSHID
#ishqmurshid #humtv #bilalabbaskhan #moomalentertainment #farooqrind #durefishansaleem #excitement  #bilalabbas  #humtvdramas #comingsoon #psu #trending2024",157,"03/11/2024 08:03",N/A,https://www.facebook.com/hu.4113/posts/pfbid02KYcH2zJ6yVVcKVpts67KwF4vntRkqxcMWLMK5t5S2JgAAhPSKrLhFbkzRSfmF4jKl,0,0,Video,,,,,Lifetime,1731.04,14.8,0,12,0,104,110,,6,48,7,,6,19,13,0,36,0,,,,,,,,,,,,,,,,,,,,,,,,,,,,,,,,,,,,,,,,,,,,,,,,,,,,,,,,,,,,,
122127364112198697,247903501729335,HU.co,,"KHAIE
#khaie #faysalquraishi #hinabayat #uzmahassan #osamatahir #sabafaisal #noorulhassan #shujaasad #lailawasti #saqlainabbas #geotv #syedwajahathussain #asadqureshi #abdullahkadwani #thskyentertainment #javedjamal #shamylkhan #khalidbutt #geoentertainment #durefishansaleem #harpalgeo #nabeelzuberi #mahnoor #hassannoman #mahenurhaider #durefishan #fuchsiamagazine #fuchsiaepaper #khudaaurmohabbat #trending",52,"03/11/2024 09:03",N/A,https://www.facebook.com/hu.4113/posts/pfbid06MbPPkv71w9CFPT9Tt8KdP8dq5RAd6Zed4RFziy7etdzTJiidB1UQWKrJgTUkwoTl,0,0,Video,,,,,Lifetime,1675.26,13.4,0,6,1,67,74,,0,64,,,0,7,6,0,51,0,,,,,,,,,,,,,,,,,,,,,,,,,,,,,,,,,,,,,,,,,,,,,,,,,,,,,,,,,,,,,
122127567788198697,247903501729335,HU.co,,"Ramadan Mubarak to you & your Family ‚ú®üåô.
From HU.co üòä

#post #islamicstatus #RamadanMubarak",0,"03/12/2024 02:03",N/A,https://www.facebook.com/hu.4113/posts/pfbid021YEUi7QSpG8s21iBXccH4AvRqq7R2sf13vd7ruuTVEUq1imYG9AZRR6LZvE82wbbl,0,0,Photo,,,,,Lifetime,,,1,4,0,111,117,,0,0,1,2,0,8,6,0,0,0,,,,,,,,,,,,,,,,,,,,,,,,,,,,,,,,,,,,,,,,,,,,,,,,,,,,,,,,,,,,,
711041787779143,247903501729335,HU.co,,"Like, Follow & Share.

#reelsviralfb #shorts #reelsinstagram #reels #shortsreels #islamicreminder #islamicstatus",16,"03/12/2024 02:03",N/A,https://www.facebook.com/reel/711041787779143/,0,0,"FB reel",,,,,Lifetime,144.01,3.89,1,4,0,29,31,44,,,,,,,,,,,,,,,,,,,,,,,,,,,,,,,,,,,,,,,,,,,,,,,,,,,,,,,,,,,,,,,,,,,,,,,
122127599216198697,247903501729335,HU.co,,"KHAIE
#khaie #faysalquraishi #hinabayat #uzmahassan #osamatahir #sabafaisal #noorulhassan #shujaasad #lailawasti #saqlainabbas #geotv #syedwajahathussain #asadqureshi #abdullahkadwani #thskyentertainment #javedjamal #shamylkhan #khalidbutt #geoentertainment #durefishansaleem #harpalgeo #nabeelzuberi #mahnoor #hassannoman #mahenurhaider #durefishan #fuchsiamagazine #fuchsiaepaper #khudaaurmohabbat #trending",207,"03/12/2024 03:03",mixed,https://www.facebook.com/hu.4113/posts/pfbid02B2sSoxn7ezso3JtnvbQALqEa2uGPeTUbXJ9SKWpudL9XboFRAo2f4D3tbmMLzgsil,0,0,Video,,,,,Lifetime,778.11,11.61,0,5,0,44,48,,4,31,1,,4,6,5,0,27,0,,,,,,,,,,,,,,,,,,,,,,,,,,,,,,,,,,,,,,,,,,,,,,,,,,,,,,,,,,,,,
955091885959510,247903501729335,HU.co,,"Like, Follow & Share.

#islamic #islamdaily #madinah #tawbah  #quranic #DeenDaily #deen #ummah ##quranquotes #quran #islam",34,"03/12/2024 03:03",N/A,https://www.facebook.com/reel/955091885959510/,0,0,"FB reel",,,,,Lifetime,631.9,8.31,0,5,0,85,89,90,,,,,,,,,,,,,,,,,,,,,,,,,,,,,,,,,,,,,,,,,,,,,,,,,,,,,,,,,,,,,,,,,,,,,,,
1118306459201600,247903501729335,HU.co,,"Like, Follow & Share.

#islamic #islamdaily #madinah #tawbah  #quranic #DeenDaily #deen #ummah ##quranquotes #quran #islam",22,"03/12/2024 04:03",auto,https://www.facebook.com/reel/1118306459201600/,0,0,"FB reel",,,,,Lifetime,508.5,7.48,1,4,0,80,82,82,,,,,,,,,,,,,,,,,,,,,,,,,,,,,,,,,,,,,,,,,,,,,,,,,,,,,,,,,,,,,,,,,,,,,,,
786492343395435,247903501729335,HU.co,,"Like, Follow & Share.

#islamic #islamdaily #madinah #tawbah  #quranic #DeenDaily #deen #ummah ##quranquotes #quran #islam",14,"03/12/2024 06:03",N/A,https://www.facebook.com/reel/786492343395435/,0,0,"FB reel",,,,,Lifetime,200.17,4.45,1,4,0,49,51,50,,,,,,,,,,,,,,,,,,,,,,,,,,,,,,,,,,,,,,,,,,,,,,,,,,,,,,,,,,,,,,,,,,,,,,,
327589526981150,247903501729335,HU.co,,"Like, Follow & Share.

#islamic #islamdaily #madinah #tawbah  #quranic #DeenDaily #deen #ummah ##quranquotes #quran #islam",27,"03/12/2024 07:03",auto,https://www.facebook.com/reel/327589526981150/,0,0,"FB reel",,,,,Lifetime,521.26,5.79,0,8,0,103,108,102,,,,,,,,,,,,,,,,,,,,,,,,,,,,,,,,,,,,,,,,,,,,,,,,,,,,,,,,,,,,,,,,,,,,,,,
421023207110716,247903501729335,HU.co,,"Like, Follow & Share.

#islamic #islamdaily #madinah #tawbah  #quranic #DeenDaily #deen #ummah ##quranquotes #quran #islam",23,"03/12/2024 08:03",N/A,https://www.facebook.com/reel/421023207110716/,0,0,"FB reel",,,,,Lifetime,216.59,4.81,0,3,0,49,51,51,,,,,,,,,,,,,,,,,,,,,,,,,,,,,,,,,,,,,,,,,,,,,,,,,,,,,,,,,,,,,,,,,,,,,,,
122127909500198697,247903501729335,HU.co,,"KHAIE
#khaie #faysalquraishi #hinabayat #uzmahassan #osamatahir #sabafaisal #noorulhassan #shujaasad #lailawasti #saqlainabbas #geotv #syedwajahathussain #asadqureshi #abdullahkadwani #thskyentertainment #javedjamal #shamylkhan #khalidbutt #geoentertainment #durefishansaleem #harpalgeo #nabeelzuberi #mahnoor #hassannoman #mahenurhaider #durefishan #fuchsiamagazine #fuchsiaepaper #khudaaurmohabbat #trending",261,"03/12/2024 23:03",auto,https://www.facebook.com/hu.4113/posts/pfbid02K22hrEyD2rktBeAYEhz6zm91mBHG4Qt1BASUGZgTZ8rNtD8G3pdnuU9AZ4eRxqval,0,0,Video,,,,,Lifetime,2558.4,18.54,0,8,0,88,92,,10,80,3,,10,11,8,0,70,0,,,,,,,,,,,,,,,,,,,,,,,,,,,,,,,,,,,,,,,,,,,,,,,,,,,,,,,,,,,,,
122127967940198697,247903501729335,HU.co,,"KHAIE
#khaie #faysalquraishi #hinabayat #uzmahassan #osamatahir #sabafaisal #noorulhassan #shujaasad #lailawasti #saqlainabbas #geotv #syedwajahathussain #asadqureshi #abdullahkadwani #thskyentertainment #javedjamal #shamylkhan #khalidbutt #geoentertainment #durefishansaleem #harpalgeo #nabeelzuberi #mahnoor #hassannoman #mahenurhaider #durefishan #fuchsiamagazine #fuchsiaepaper #khudaaurmohabbat #trending",280,"03/13/2024 03:03",N/A,https://www.facebook.com/hu.4113/posts/pfbid02TfJeMiqr66bXNpanqzmRKuT9YDKg9Bo4YTor92h8KnpnvGxnrxtmFoNYGXGN4Rn2l,0,0,Video,,,,,Lifetime,867.74,20.18,1,4,0,36,42,,4,19,,,4,5,4,0,17,0,,,,,,,,,,,,,,,,,,,,,,,,,,,,,,,,,,,,,,,,,,,,,,,,,,,,,,,,,,,,,
122128009136198697,247903501729335,HU.co,,"ISHQ MURSHID
#ishqmurshid #humtv #bilalabbaskhan #moomalentertainment #farooqrind #durefishansaleem #excitement  #bilalabbas  #humtvdramas #comingsoon #psu #trending2024",158,"03/13/2024 05:03",N/A,https://www.facebook.com/hu.4113/posts/pfbid0W9F8vpqsGgztQabAEUAWbqnFGiy19dAYSCWVPQz2YWmZdmBvMWmK8Ho9t9Lzy1Dil,0,0,Video,,,,,Lifetime,225.07,6.43,1,4,0,28,34,,0,16,1,,0,6,5,0,14,0,,,,,,,,,,,,,,,,,,,,,,,,,,,,,,,,,,,,,,,,,,,,,,,,,,,,,,,,,,,,,
728457246022820,247903501729335,HU.co,,"Like, Follow & Share.

#islamic #islamdaily #madinah #tawbah  #quranic #DeenDaily #deen #ummah ##quranquotes #quran #islam",18,"03/13/2024 07:03",auto,https://www.facebook.com/reel/728457246022820/,0,0,"FB reel",,,,,Lifetime,332.84,5.2,1,6,0,69,74,77,,,,,,,,,,,,,,,,,,,,,,,,,,,,,,,,,,,,,,,,,,,,,,,,,,,,,,,,,,,,,,,,,,,,,,,
