"Post ID","Page ID","Page name",Title,Description,"Duration (secs)","Publish time","Caption type",Permalink,"Is crosspost","Is share","Post type",Languages,"Custom labels","Funded content status","Data comment",Date,Impressions,Reach,"Reactions, comments and shares",Reactions,Comments,Shares,"Seconds viewed","Average Seconds viewed","Estimated earnings (USD)","Ad CPM (USD)","Ad impressions","Total clicks","Other clicks","Impressions from Unpaid posts","Impressions from Boosted posts","Reach from Organic posts","Reach from Boosted posts","3-second video views","1-minute video views","3-second viewers","1-minute viewers","3-second video views from Organic posts","3-second video views from Boosted posts","Engaged users","Negative feedback from users","Unique negative feedback from users","Views by top audience (M, 25-34)","Views by top audience (F, 25-34)","Views by top audience (F, 35-44)","Views by top audience (M, 18-24)","Views by top audience (M, 35-44)","Views by top audience (F, 45-54)","Views by top audience (F, 18-24)","Views by top audience (M, 45-54)","Views by top audience (F, 55-64)","Views by top audience (M, 65+)","Views by top audience (M, 55-64)","Views by top audience (F, 65+)","Views by country (Pakistan (PK))","Views by country (India (IN))","Views by country (Cambodia (KH))","Views by country (United States (US))","Views by country (Italy (IT))","Views by country (Australia (AU))","Views by country (Romania (RO))","Views by country (Canada (CA))","Views by country (United Kingdom (GB))","Views by country (Iran (IR))","Views by country (United Arab Emirates (AE))","Views by country (Uzbekistan (UZ))","Views by country (Nepal (NP))","Views by country (Indonesia (ID))","Views by country (Nigeria (NG))","Views by country (Mexico (MX))","Views by country (Myanmar (MM))","Views by country (Brazil (BR))","Views by country (Germany (DE))","Views by country (Sierra Leone (SL))","Views by country (Mongolia (MN))","Views by country (Greece (GR))","Views by country (Morocco (MA))","Views by country (Colombia (CO))","Views by country (Egypt (EG))","Views by country (New Zealand (NZ))","Views by country (Malaysia (MY))","Views by country (Mauritius (MU))","Views by country (Saudi Arabia (SA))","Views by country (Afghanistan (AF))","Views by country (France (FR))","Views by country (Qatar (QA))","Views by country (Spain (ES))","Matched audience targeting consumption (Photo Click)",REELS_PLAYS:COUNT,"Views by country (Bhutan (BT))","Views by country (Bangladesh (BD))","Views by country (Portugal (PT))","Views by country (Kuwait (KW))","Views by country (Fiji (FJ))","Views by country (Algeria (DZ))"
122115698228198697,247903501729335,HU.co,,"ISHQ MURSHID
#ishqmurshid #humtv #bilalabbaskhan #moomalentertainment #farooqrind #mdproductions #durefishansaleem #abdulkhaliqkhan #excitement #masterpaints #bilalabbas #yumnazaidi #wahajali #ayezakhan #humpr #humtvdramas #comingsoon #hibabukhari #sabaqamar #haniaamir #ferozekhan #muneebbutt #minalkhan #ahadrazamir #sajalaly #psu #farhansaeed #terebin #zaranoor #haroonkadwani",232,"02/13/2024 01:02",N/A,https://www.facebook.com/hu.4113/posts/pfbid02iT4dY2emMti75q9RX1UAkMvAPYMzX1WFJqFwcnBFgLsFMFaEE8aBN4e8x2DWhbUjl,0,0,Video,,,,,Lifetime,127,115,8,8,0,0,1486.249,12.923,0,0,0,4,4,127,0,115,0,53,7,49,7,53,0,11,0,0,,,,,,,,,,,,,,,,,,,,,,,,,,,,,,,,,,,,,,,,,,,,,,,,,,,,,
122115765920198697,247903501729335,HU.co,,"#ishqmurshid #humtv #bilalabbaskhan #moomalentertainment #farooqrind #mdproductions #durefishansaleem #abdulkhaliqkhan #excitement #masterpaints #bilalabbas #yumnazaidi #wahajali #ayezakhan #humpr #humtvdramas #comingsoon #hibabukhari #sabaqamar #haniaamir #ferozekhan #muneebbutt #minalkhan #ahadrazamir #sajalaly #psu #farhansaeed #terebin #zaranoor #haroonkadwani",183,"02/13/2024 02:02",N/A,https://www.facebook.com/hu.4113/posts/pfbid0e7Z2yGkrvMAHu42RLq2VAT4oP9ncXSGpF9y9FM6xfzyNAcPNDqtRb6PM9nMtiu31l,0,0,Video,,,,,Lifetime,165,152,12,12,0,0,2861.595,17.773,0,0,0,7,7,165,0,152,0,61,13,53,11,61,0,17,0,0,,,,,,,,,,,,,,,,,,,,,,,,,,,,,,,,,,,,,,,,,,,,,,,,,,,,,
122116266764198697,247903501729335,HU.co,,"KHAIE 
#khaie #faysalquraishi #hinabayat #uzmahassan #osamatahir #sabafaisal #noorulhassan #shujaasad #lailawasti #saqlainabbas #geotv #syedwajahathussain #asadqureshi #abdullahkadwani #thskyentertainment #javedjamal #shamylkhan #khalidbutt #geoentertainment #durefishansaleem #harpalgeo #nabeelzuberi #mahnoor #hassannoman #mahenurhaider #durefishan #fuchsiamagazine #fuchsiaepaper #khudaaurmohabbat #trending",216,"02/13/2024 22:02",N/A,https://www.facebook.com/hu.4113/posts/pfbid0s2jaSosuNg2pbGbqFMkRg82JFgM6R2eyfs397GAv3hqcXKpLiRqaioPeme48DYyhl,0,0,Video,,,,,Lifetime,91,78,4,4,0,0,862.62,10.393,0,0,0,2,2,91,0,78,0,26,3,24,2,26,0,5,0,0,,,,,,,,,,,,,,,,,,,,,,,,,,,,,,,,,,,,,,,,,,,,,,,,,,,,,
122116279124198697,247903501729335,HU.co,,"KHAIE 
#khaie #faysalquraishi #hinabayat #uzmahassan #osamatahir #sabafaisal #noorulhassan #shujaasad #lailawasti #saqlainabbas #geotv #syedwajahathussain #asadqureshi #abdullahkadwani #thskyentertainment #javedjamal #shamylkhan #khalidbutt #geoentertainment #durefishansaleem #harpalgeo #nabeelzuberi #mahnoor #hassannoman #mahenurhaider #durefishan #fuchsiamagazine #fuchsiaepaper #khudaaurmohabbat #trending",182,"02/13/2024 23:02",N/A,https://www.facebook.com/hu.4113/posts/pfbid02EUdxbCJuW9Q9p9wcsxrigVMg6xkcZSucfccNhADAcWzSPdYnwnkhueCg8Q92z7t2l,0,0,Video,,,,,Lifetime,90,76,8,8,0,0,749.311,9.731,0,0,0,1,1,90,0,76,0,28,3,25,3,28,0,9,0,0,,,,,,,,,,,,,,,,,,,,,,,,,,,,,,,,,,,,,,,,,,,,,,,,,,,,,
122116329794198697,247903501729335,HU.co,,"KHAIE 
#khaie #faysalquraishi #hinabayat #uzmahassan #osamatahir #sabafaisal #noorulhassan #shujaasad #lailawasti #saqlainabbas #geotv #syedwajahathussain #asadqureshi #abdullahkadwani #thskyentertainment #javedjamal #shamylkhan #khalidbutt #geoentertainment #durefishansaleem #harpalgeo #nabeelzuberi #mahnoor #hassannoman #mahenurhaider #durefishan #fuchsiamagazine #fuchsiaepaper #khudaaurmohabbat #trending",285,"02/14/2024 01:02",N/A,https://www.facebook.com/hu.4113/posts/pfbid0C2SueYYWCYZruhjUJVxCRQ3sRBYD8L2gYZ1uc5M7J7Y9Us5pw5qVFmWhgMtup1tLl,0,0,Video,,,,,Lifetime,115,100,11,11,0,0,933.612,9.624,0,0,0,3,3,115,0,100,0,33,4,33,4,33,0,13,0,0,,,,,,,,,,,,,,,,,,,,,,,,,,,,,,,,,,,,,,,,,,,,,,,,,,,,,
122116351766198697,247903501729335,HU.co,,"KHAIE 
#khaie #faysalquraishi #hinabayat #uzmahassan #osamatahir #sabafaisal #noorulhassan #shujaasad #lailawasti #saqlainabbas #geotv #syedwajahathussain #asadqureshi #abdullahkadwani #thskyentertainment #javedjamal #shamylkhan #khalidbutt #geoentertainment #durefishansaleem #harpalgeo #nabeelzuberi #mahnoor #hassannoman #mahenurhaider #durefishan #fuchsiamagazine #fuchsiaepaper #khudaaurmohabbat #trending",293,"02/14/2024 02:02",N/A,https://www.facebook.com/hu.4113/posts/pfbid07EHjeMEXe6AhWQzfSDZgK69cjBLP836N2LVDjBkqppEmtWVLJPQorTLP7dBE3D1Tl,0,0,Video,,,,,Lifetime,101,84,5,5,0,0,784.987,8.92,0,0,0,1,1,101,0,84,0,36,2,33,2,36,0,6,0,0,,,,,,,,,,,,,,,,,,,,,,,,,,,,,,,,,,,,,,,,,,,,,,,,,,,,,
122116795106198697,247903501729335,HU.co,,"KHAIE 
#khaie #faysalquraishi #hinabayat #uzmahassan #osamatahir #sabafaisal #noorulhassan #shujaasad #lailawasti #saqlainabbas #geotv #syedwajahathussain #asadqureshi #abdullahkadwani #thskyentertainment #javedjamal #shamylkhan #khalidbutt #geoentertainment #durefishansaleem #harpalgeo #nabeelzuberi #mahnoor #hassannoman #mahenurhaider #durefishan #fuchsiamagazine #fuchsiaepaper #khudaaurmohabbat #trending",68,"02/14/2024 23:02",N/A,https://www.facebook.com/hu.4113/posts/pfbid02wbZvH4DDEjJ8A61LnriM4Q5xRsTyF57fM6cij8SM55uRjkKX7Z2aoWjKzCoAKpXYl,0,0,Video,,,,,Lifetime,146,130,10,10,0,0,926.89,7.922,0,0,0,4,4,146,0,130,0,40,6,37,6,40,0,13,0,0,,,,,,,,,,,,,,,,,,,,,,,,,,,,,,,,,,,,,,,,,,,,,,,,,,,,,
122116809038198697,247903501729335,HU.co,,"KHAIE 
#khaie #faysalquraishi #hinabayat #uzmahassan #osamatahir #sabafaisal #noorulhassan #shujaasad #lailawasti #saqlainabbas #geotv #syedwajahathussain #asadqureshi #abdullahkadwani #thskyentertainment #javedjamal #shamylkhan #khalidbutt #geoentertainment #durefishansaleem #harpalgeo #nabeelzuberi #mahnoor #hassannoman #mahenurhaider #durefishan #fuchsiamagazine #fuchsiaepaper #khudaaurmohabbat #trending",287,"02/15/2024 00:02",N/A,https://www.facebook.com/hu.4113/posts/pfbid02WtJ4MF51KER653pXFqK8PKH94Bj9LzpJURqtbXxX9LTmJ99Nd8Jp61DyBKin9Lhsl,0,0,Video,,,,,Lifetime,100,85,5,5,0,0,805.252,9.473,0,0,0,4,4,100,0,85,0,36,3,35,3,36,0,9,0,0,,,,,,,,,,,,,,,,,,,,,,,,,,,,,,,,,,,,,,,,,,,,,,,,,,,,,
122116827200198697,247903501729335,HU.co,,"KHAIE 
#khaie #faysalquraishi #hinabayat #uzmahassan #osamatahir #sabafaisal #noorulhassan #shujaasad #lailawasti #saqlainabbas #geotv #syedwajahathussain #asadqureshi #abdullahkadwani #thskyentertainment #javedjamal #shamylkhan #khalidbutt #geoentertainment #durefishansaleem #harpalgeo #nabeelzuberi #mahnoor #hassannoman #mahenurhaider #durefishan #fuchsiamagazine #fuchsiaepaper #khudaaurmohabbat #trending",63,"02/15/2024 01:02",N/A,https://www.facebook.com/hu.4113/posts/pfbid0sg5toMdviQC4WHQyWJAUWrD8LbBau6gW75ALanrEjNE5dnLzQ2YWTAK9sgU6tkL5l,0,0,Video,,,,,Lifetime,98,85,5,5,0,0,521.495,6.953,0,0,0,0,,98,0,85,0,26,0,24,0,26,0,5,0,0,,,,,,,,,,,,,,,,,,,,,,,,,,,,,,,,,,,,,,,,,,,,,,,,,,,,,
122116862978198697,247903501729335,HU.co,,"KHAIE 
#khaie #faysalquraishi #hinabayat #uzmahassan #osamatahir #sabafaisal #noorulhassan #shujaasad #lailawasti #saqlainabbas #geotv #syedwajahathussain #asadqureshi #abdullahkadwani #thskyentertainment #javedjamal #shamylkhan #khalidbutt #geoentertainment #durefishansaleem #harpalgeo #nabeelzuberi #mahnoor #hassannoman #mahenurhaider #durefishan #fuchsiamagazine #fuchsiaepaper #khudaaurmohabbat #trending",144,"02/15/2024 03:02",N/A,https://www.facebook.com/hu.4113/posts/pfbid02uCDVpTAndxLy8AHoeunGYZ8s9pQ83TGhsu39AEGgvjpnikUN2LZCNYjpXcSMmWrEl,0,0,Video,,,,,Lifetime,105,90,6,6,0,0,832.059,9.455,0,0,0,1,1,105,0,90,0,29,4,24,3,29,0,6,0,0,,,,,,,,,,,,,,,,,,,,,,,,,,,,,,,,,,,,,,,,,,,,,,,,,,,,,
122116887458198697,247903501729335,HU.co,,"KHAIE 
#khaie #faysalquraishi #hinabayat #uzmahassan #osamatahir #sabafaisal #noorulhassan #shujaasad #lailawasti #saqlainabbas #geotv #syedwajahathussain #asadqureshi #abdullahkadwani #thskyentertainment #javedjamal #shamylkhan #khalidbutt #geoentertainment #durefishansaleem #harpalgeo #nabeelzuberi #mahnoor #hassannoman #mahenurhaider #durefishan #fuchsiamagazine #fuchsiaepaper #khudaaurmohabbat #trending",229,"02/15/2024 04:02",N/A,https://www.facebook.com/hu.4113/posts/pfbid0QSoCdLmwj1b7xCVzonABmd8XVApqoDjMdasGVD8KwBzg2x23ZPKpnyD15b25unQ8l,0,0,Video,,,,,Lifetime,246,227,17,15,2,0,4383.326,18.417,0,0,0,10,10,246,0,227,0,130,15,111,14,130,0,23,0,0,34,13,2,20,17,7,5,10,,8,8,3,125,3,,,,1,,,,,,,,,,,,,,,,,,,,,,,,,,,,,,1,,,,,
122117724548198697,247903501729335,HU.co,,,0,"02/16/2024 22:02",N/A,https://www.facebook.com/hu.4113/posts/pfbid08jDkMg18d5qD9hrY46pveUL4jrHF49kQYSXYrarDdxXpRRd84sGvgMHGwkj8dAN3l,0,0,Photo,,,,,Lifetime,162,155,3,3,0,0,,,,,,0,,162,0,155,0,0,0,0,0,0,0,3,0,0,,,,,,,,,,,,,,,,,,,,,,,,,,,,,,,,,,,,,,,,,,,,,,,,,,,,,
122117729072198697,247903501729335,HU.co,,"KHAIE 
#khaie #faysalquraishi #hinabayat #uzmahassan #osamatahir #sabafaisal #noorulhassan #shujaasad #lailawasti #saqlainabbas #geotv #syedwajahathussain #asadqureshi #abdullahkadwani #thskyentertainment #javedjamal #shamylkhan #khalidbutt #geoentertainment #durefishansaleem #harpalgeo #nabeelzuberi #mahnoor #hassannoman #mahenurhaider #durefishan #fuchsiamagazine #fuchsiaepaper #khudaaurmohabbat #trending",259,"02/16/2024 23:02",N/A,https://www.facebook.com/hu.4113/posts/pfbid02UbiMdCpcH2R5hhmS3J4CYiaa3fXiK5ZMSxuTYmgHWTz3iUEwQTuWP7VfMb3G9S9yl,0,0,Video,,,,,Lifetime,106,93,9,9,0,0,2042.583,22.445,0,0,0,1,1,106,0,93,0,35,6,30,5,35,0,10,0,0,,,,,,,,,,,,,,,,,,,,,,,,,,,,,,,,,,,,,,,,,,,,,,,,,,,,,
122117771228198697,247903501729335,HU.co,,"KHAIE 
#khaie #faysalquraishi #hinabayat #uzmahassan #osamatahir #sabafaisal #noorulhassan #shujaasad #lailawasti #saqlainabbas #geotv #syedwajahathussain #asadqureshi #abdullahkadwani #thskyentertainment #javedjamal #shamylkhan #khalidbutt #geoentertainment #durefishansaleem #harpalgeo #nabeelzuberi #mahnoor #hassannoman #mahenurhaider #durefishan #fuchsiamagazine #fuchsiaepaper #khudaaurmohabbat #trending",256,"02/17/2024 01:02",N/A,https://www.facebook.com/hu.4113/posts/pfbid02pJbcg885fX3gbSDh1WYttTMqenyHY9gDhReGAyfjH2LfwobcS2LewSnknjF2TFW1l,0,0,Video,,,,,Lifetime,78,66,6,6,0,0,1310.752,17.712,0,0,0,1,1,78,0,66,0,26,7,19,6,26,0,7,0,0,,,,,,,,,,,,,,,,,,,,,,,,,,,,,,,,,,,,,,,,,,,,,,,,,,,,,
122117817314198697,247903501729335,HU.co,,"KHAIE 
#khaie #faysalquraishi #hinabayat #uzmahassan #osamatahir #sabafaisal #noorulhassan #shujaasad #lailawasti #saqlainabbas #geotv #syedwajahathussain #asadqureshi #abdullahkadwani #thskyentertainment #javedjamal #shamylkhan #khalidbutt #geoentertainment #durefishansaleem #harpalgeo #nabeelzuberi #mahnoor #hassannoman #mahenurhaider #durefishan #fuchsiamagazine #fuchsiaepaper #khudaaurmohabbat #trending",144,"02/17/2024 03:02",N/A,https://www.facebook.com/hu.4113/posts/pfbid0c9kp66KhZKJSDDECdJn9BAC68qAt4dbeomz3S9Jpa5VXr6zpuLWG3XhPvXesAAdql,0,0,Video,,,,,Lifetime,127,116,7,7,0,0,2099.61,17.793,0,0,0,2,2,127,0,116,0,58,12,54,12,58,0,9,0,0,,,,,,,,,,,,,,,,,,,,,,,,,,,,,,,,,,,,,,,,,,,,,,,,,,,,,
122117868806198697,247903501729335,HU.co,,"KHAIE 
#khaie #faysalquraishi #hinabayat #uzmahassan #osamatahir #sabafaisal #noorulhassan #shujaasad #lailawasti #saqlainabbas #geotv #syedwajahathussain #asadqureshi #abdullahkadwani #thskyentertainment #javedjamal #shamylkhan #khalidbutt #geoentertainment #durefishansaleem #harpalgeo #nabeelzuberi #mahnoor #hassannoman #mahenurhaider #durefishan #fuchsiamagazine #fuchsiaepaper #khudaaurmohabbat #trending",243,"02/17/2024 05:02",N/A,https://www.facebook.com/hu.4113/posts/pfbid023bqhWaxfF18cmF94ZJAssyJ8YDnVnkS1n4BpfcHHkGpFqbEpFU6e1d29f6iWxrK3l,0,0,Video,,,,,Lifetime,129,116,9,9,0,0,1419.837,11.543,0,0,0,6,6,129,0,116,0,46,6,40,6,46,0,13,0,0,,,,,,,,,,,,,,,,,,,,,,,,,,,,,,,,,,,,,,,,,,,,,,,,,,,,,
122118164774198697,247903501729335,HU.co,,"#reels #reelsinstagram #instagram #trending #viral #explore #love #instagood #explorepage #tiktok #reelitfeelit #follow #photography #fyp #reel #instadaily #followforfollowback #reelsvideo #likeforlikes #like #fashion #memes #foryou #reelkarofeelkaro #music #o #insta #instagramreels #keepgoing",51,"02/17/2024 21:02",N/A,https://www.facebook.com/hu.4113/posts/pfbid035P9nB63J3fhKLdb9zM6FJ2WXbhD7Xp7Bkjg4hvcVSgPkuMNfLc8zdDa6tNikp9CTl,0,0,"FB reel",,,,,Lifetime,128,119,4,4,0,0,468.569,4.733,,,0,0,,128,0,119,0,,,,,28,0,,,,,,,,,,,,,,,,,,,,,,,,,,,,,,,,,,,,,,,,,,,,,,,,,,104,,,,,,
122118188804198697,247903501729335,HU.co,,"#reels #reelsinstagram #instagram #trending #viral #explore #love #instagood #explorepage #tiktok #reelitfeelit #follow #photography #fyp #reel #instadaily #followforfollowback #reelsvideo #likeforlikes #like #fashion #memes #foryou #reelkarofeelkaro #music #o #insta #instagramreels #keepgoing",58,"02/17/2024 22:02",N/A,https://www.facebook.com/hu.4113/posts/pfbid02QtngGMW9F81keicVE9rMn58VvKne83YBeFFjqxjdwsiB3ccCBZMAdZkxa3y8rfHul,0,0,"FB reel",,,,,Lifetime,116,108,5,5,0,0,471.334,5.123,,,0,0,,116,0,108,0,,,,,44,0,,,,,,,,,,,,,,,,,,,,,,,,,,,,,,,,,,,,,,,,,,,,,,,,,,97,,,,,,
122119154540198697,247903501729335,HU.co,,"KHAIE
#khaie #faysalquraishi #hinabayat #uzmahassan #osamatahir #sabafaisal #noorulhassan #shujaasad #lailawasti #saqlainabbas #geotv #syedwajahathussain #asadqureshi #abdullahkadwani #thskyentertainment #javedjamal #shamylkhan #khalidbutt #geoentertainment #durefishansaleem #harpalgeo #nabeelzuberi #mahnoor #hassannoman #mahenurhaider #durefishan #fuchsiamagazine #fuchsiaepaper #khudaaurmohabbat #trending",241,"02/19/2024 22:02",N/A,https://www.facebook.com/hu.4113/posts/pfbid02JfrAfJTu9HegNngJ6kkTndBiUMxAEJicnopyuALzHFZj1QayboY5YV5hepAbWi7Ll,0,0,Video,,,,,Lifetime,72,62,8,8,0,0,2093.277,16.881,0,0,0,3,3,72,0,62,0,61,6,54,5,61,0,10,0,0,,,,,,,,,,,,,,,,,,,,,,,,,,,,,,,,,,,,,,,,,,,,,,,,,,,,,
122119217888198697,247903501729335,HU.co,,"KHAIE
#khaie #faysalquraishi #hinabayat #uzmahassan #osamatahir #sabafaisal #noorulhassan #shujaasad #lailawasti #saqlainabbas #geotv #syedwajahathussain #asadqureshi #abdullahkadwani #thskyentertainment #javedjamal #shamylkhan #khalidbutt #geoentertainment #durefishansaleem #harpalgeo #nabeelzuberi #mahnoor #hassannoman #mahenurhaider #durefishan #fuchsiamagazine #fuchsiaepaper #khudaaurmohabbat #trending",284,"02/20/2024 02:02",N/A,https://www.facebook.com/hu.4113/posts/pfbid02Kr74MCp9DJVzQrGMQEEtnF5RgorV6vUZx14P3qS2YrerPPN4JtcxzP7kKz5KEZ5il,0,0,Video,,,,,Lifetime,78,68,6,6,0,0,522.262,6.782,0,0,0,1,1,78,0,68,0,26,2,24,2,26,0,6,0,0,,,,,,,,,,,,,,,,,,,,,,,,,,,,,,,,,,,,,,,,,,,,,,,,,,,,,
122119397144198697,247903501729335,HU.co,,"#ishqmurshid #humtv #bilalabbaskhan #moomalentertainment #farooqrind #mdproductions #durefishansaleem #abdulkhaliqkhan #excitement #masterpaints #bilalabbas #yumnazaidi #wahajali #ayezakhan #humpr #humtvdramas #comingsoon #hibabukhari #sabaqamar #haniaamir #ferozekhan #muneebbutt #minalkhan #ahadrazamir #sajalaly #psu #farhansaeed #terebin #zaranoor #haroonkadwani",95,"02/20/2024 09:02",N/A,https://www.facebook.com/hu.4113/posts/pfbid0f8kDKb6umvXA1ZCr1XgGEz9zPrsHs5p6y7nQxrV6s5WBgndFfmJuzyyegD85hiyDl,0,0,Video,,,,,Lifetime,163,153,6,5,0,1,2095.569,14.757,0,0,0,5,5,163,0,153,0,71,15,64,12,71,0,11,0,0,,,,,,,,,,,,,,,,,,,,,,,,,,,,,,,,,,,,,,,,,,,,,,,,,,,,,
122119595864198697,247903501729335,HU.co,,"KHAIE
#khaie #faysalquraishi #hinabayat #uzmahassan #osamatahir #sabafaisal #noorulhassan #shujaasad #lailawasti #saqlainabbas #geotv #syedwajahathussain #asadqureshi #abdullahkadwani #thskyentertainment #javedjamal #shamylkhan #khalidbutt #geoentertainment #durefishansaleem #harpalgeo #nabeelzuberi #mahnoor #hassannoman #mahenurhaider #durefishan #fuchsiamagazine #fuchsiaepaper #khudaaurmohabbat #trending",218,"02/20/2024 23:02",N/A,https://www.facebook.com/hu.4113/posts/pfbid02FwVd2fjnr1tTQz94uuBsM1CSyevw8FBZWfD218Sa4J9YVn1rgi49QKePhD3Kuap9l,0,0,Video,,,,,Lifetime,95,84,6,6,0,0,1998.407,16.793,0,0,0,1,1,95,0,84,0,60,8,52,7,60,0,7,0,0,,,,,,,,,,,,,,,,,,,,,,,,,,,,,,,,,,,,,,,,,,,,,,,,,,,,,
122119659752198697,247903501729335,HU.co,,"KHAIE
#khaie #faysalquraishi #hinabayat #uzmahassan #osamatahir #sabafaisal #noorulhassan #shujaasad #lailawasti #saqlainabbas #geotv #syedwajahathussain #asadqureshi #abdullahkadwani #thskyentertainment #javedjamal #shamylkhan #khalidbutt #geoentertainment #durefishansaleem #harpalgeo #nabeelzuberi #mahnoor #hassannoman #mahenurhaider #durefishan #fuchsiamagazine #fuchsiaepaper #khudaaurmohabbat #trending",213,"02/21/2024 02:02",N/A,https://www.facebook.com/hu.4113/posts/pfbid0vzQPvFj3aLiRZQMXqbn5Us2RHQaUajj9hXTeemkUWURSqSJiydPx9iJHZFfibj6Nl,0,0,Video,,,,,Lifetime,79,67,5,5,0,0,520.704,7.546,0,0,0,5,5,79,0,67,0,28,1,22,1,28,0,5,0,0,,,,,,,,,,,,,,,,,,,,,,,,,,,,,,,,,,,,,,,,,,,,,,,,,,,,,
122119748180198697,247903501729335,HU.co,,"#reels #reelsinsta#reelsinstagramreels #reelsvideoã‚· #Instagram #trendingsongs",28,"02/21/2024 05:02",N/A,https://www.facebook.com/hu.4113/posts/pfbid02h9ANVB7Q9TN9o9JhHJLQjUKheyrjoFkV1hpdFmi3P2FzB6KdgCYfHAbcHiPw7LAal,0,0,"FB reel",,,,,Lifetime,183,167,11,5,6,0,1053.158,6.5,,,0,0,,183,0,167,0,,,,,70,0,,,,,,,,,,,,,,,,,,,,,,,,,,,,,,,,,,,,,,,,,,,,,,,,,,184,,,,,,
122119822622198697,247903501729335,HU.co,,"KHAIE
#khaie #faysalquraishi #hinabayat #uzmahassan #osamatahir #sabafaisal #noorulhassan #shujaasad #lailawasti #saqlainabbas #geotv #syedwajahathussain #asadqureshi #abdullahkadwani #thskyentertainment #javedjamal #shamylkhan #khalidbutt #geoentertainment #durefishansaleem #harpalgeo #nabeelzuberi #mahnoor #hassannoman #mahenurhaider #durefishan #fuchsiamagazine #fuchsiaepaper #khudaaurmohabbat #trending",178,"02/21/2024 07:02",N/A,https://www.facebook.com/hu.4113/posts/pfbid02jwLdx8timnxyKA98bJ8fYPuPs31y98kaY2wLWVAj5m1hZfWCJGrGZ3f4b8KibHQLl,0,0,Video,,,,,Lifetime,94,79,5,5,0,0,937.299,12.497,0,0,0,0,,94,0,79,0,30,4,25,2,30,0,5,0,0,,,,,,,,,,,,,,,,,,,,,,,,,,,,,,,,,,,,,,,,,,,,,,,,,,,,,
122119862072198697,247903501729335,HU.co,,"KHAIE
#khaie #faysalquraishi #hinabayat #uzmahassan #osamatahir #sabafaisal #noorulhassan #shujaasad #lailawasti #saqlainabbas #geotv #syedwajahathussain #asadqureshi #abdullahkadwani #thskyentertainment #javedjamal #shamylkhan #khalidbutt #geoentertainment #durefishansaleem #harpalgeo #nabeelzuberi #mahnoor #hassannoman #mahenurhaider #durefishan #fuchsiamagazine #fuchsiaepaper #khudaaurmohabbat #trending",286,"02/21/2024 10:02",N/A,https://www.facebook.com/hu.4113/posts/pfbid02HEQsdhVBi1YruLA2STUbATe8HmizFQbGqVGC6y4bNVAdAhK8dhdNX7eVjuMXJzuHl,0,0,Video,,,,,Lifetime,64,49,3,3,0,0,247.335,4.756,0,0,0,1,1,64,0,49,0,17,1,13,1,17,0,4,0,0,,,,,,,,,,,,,,,,,,,,,,,,,,,,,,,,,,,,,,,,,,,,,,,,,,,,,
122120047550198697,247903501729335,HU.co,,"KHAIE
#khaie #faysalquraishi #hinabayat #uzmahassan #osamatahir #sabafaisal #noorulhassan #shujaasad #lailawasti #saqlainabbas #geotv #syedwajahathussain #asadqureshi #abdullahkadwani #thskyentertainment #javedjamal #shamylkhan #khalidbutt #geoentertainment #durefishansaleem #harpalgeo #nabeelzuberi #mahnoor #hassannoman #mahenurhaider #durefishan #fuchsiamagazine #fuchsiaepaper #khudaaurmohabbat #trending",286,"02/21/2024 21:02",N/A,https://www.facebook.com/hu.4113/posts/pfbid0bRGqcVNUGAi9pk71ry5Bppz11Pb96BUiicnaSi5m9yQLH2FLTfmGk5Gw7cvm9coel,0,0,Video,,,,,Lifetime,61,46,5,5,0,0,2121.524,10.348,0,0,0,0,,61,0,46,0,92,5,84,5,92,0,5,0,0,,,,,,,,,,,,,,,,,,,,,,,,,,,,,,,,,,,,,,,,,,,,,,,,,,,,,
122120071670198697,247903501729335,HU.co,,"KHAIE
#khaie #faysalquraishi #hinabayat #uzmahassan #osamatahir #sabafaisal #noorulhassan #shujaasad #lailawasti #saqlainabbas #geotv #syedwajahathussain #asadqureshi #abdullahkadwani #thskyentertainment #javedjamal #shamylkhan #khalidbutt #geoentertainment #durefishansaleem #harpalgeo #nabeelzuberi #mahnoor #hassannoman #mahenurhaider #durefishan #fuchsiamagazine #fuchsiaepaper #khudaaurmohabbat #trending",155,"02/21/2024 23:02",N/A,https://www.facebook.com/hu.4113/posts/pfbid031PBy6cyzByCVeGsVFLeLxPJ6EkvuLsNZ2CbcVWUh5zQFcBZrPQFhD4qKgprvSS2Cl,0,0,Video,,,,,Lifetime,108,94,3,3,0,0,1207.465,13.878,0,0,0,4,4,108,0,94,0,29,6,24,6,29,0,7,0,0,,,,,,,,,,,,,,,,,,,,,,,,,,,,,,,,,,,,,,,,,,,,,,,,,,,,,
122120206556198697,247903501729335,HU.co,,"ISHQ MURSHID 
#ishqmurshid #humtv #bilalabbaskhan #moomalentertainment #farooqrind #mdproductions #durefishansaleem #abdulkhaliqkhan #excitement #masterpaints #bilalabbas #yumnazaidi #wahajali #ayezakhan #humpr #humtvdramas #comingsoon #hibabukhari #sabaqamar #haniaamir #ferozekhan #muneebbutt #minalkhan #ahadrazamir #sajalaly #psu #farhansaeed #terebin #zaranoor #haroonkadwani",124,"02/22/2024 06:02",N/A,https://www.facebook.com/hu.4113/posts/pfbid02uJLDFoSAdQuE4viRUE99LQAdUNZJVxEv9s2M4sUHtJUyLtwosoJj8mEN5uAA6bRcl,0,0,Video,,,,,Lifetime,130,115,5,5,0,0,1295.408,10.978,0,0,0,4,4,130,0,115,0,40,7,35,6,40,0,9,0,0,,,,,,,,,,,,,,,,,,,,,,,,,,,,,,,,,,,,,,,,,,,,,,,,,,,,,
122120261162198697,247903501729335,HU.co,,"KHAIE
#khaie #faysalquraishi #hinabayat #uzmahassan #osamatahir #sabafaisal #noorulhassan #shujaasad #lailawasti #saqlainabbas #geotv #syedwajahathussain #asadqureshi #abdullahkadwani #thskyentertainment #javedjamal #shamylkhan #khalidbutt #geoentertainment #durefishansaleem #harpalgeo #nabeelzuberi #mahnoor #hassannoman #mahenurhaider #durefishan #fuchsiamagazine #fuchsiaepaper #khudaaurmohabbat #trending",221,"02/22/2024 10:02",N/A,https://www.facebook.com/hu.4113/posts/pfbid05nk5oJrwSJAyySXsNXswZ2YzPZSitS6JAnMyatEJL4he7fzcZToGNgaug9CBnBNVl,0,0,Video,,,,,Lifetime,112,95,3,3,0,0,468.779,5.208,0,0,0,1,1,112,0,95,0,16,1,14,1,16,0,4,0,0,,,,,,,,,,,,,,,,,,,,,,,,,,,,,,,,,,,,,,,,,,,,,,,,,,,,,
122120932130198697,247903501729335,HU.co,,"#reelitfeelit #tiktok #trending #explore #instagood #follow #reelsvideo #fyp #followforfollowback #reelsinstagram #reel #reelsinsta #Instagram #reelsvideoã‚· #reelsinstagramreels #reels",6,"02/23/2024 22:02",N/A,https://www.facebook.com/hu.4113/posts/pfbid02AfvZwbzPGaFZ3383b3W7Y9V6s9Gnf3ruPgS1Z15oM1wo9WJpUJhDpVcCr3BQptHCl,0,0,"FB reel",,,,,Lifetime,182,165,4,4,0,0,535.415,3.388,,,0,0,,182,0,165,0,,,,,34,0,,,,,,,,,,,,,,,,,,,,,,,,,,,,,,,,,,,,,,,,,,,,,,,,,,225,,,,,,
122121091562198697,247903501729335,HU.co,,"KHAIE
#khaie #faysalquraishi #hinabayat #uzmahassan #osamatahir #sabafaisal #noorulhassan #shujaasad #lailawasti #saqlainabbas #geotv #syedwajahathussain #asadqureshi #abdullahkadwani #thskyentertainment #javedjamal #shamylkhan #khalidbutt #geoentertainment #durefishansaleem #harpalgeo #nabeelzuberi #mahnoor #hassannoman #mahenurhaider #durefishan #fuchsiamagazine #fuchsiaepaper #khudaaurmohabbat #trending",224,"02/24/2024 06:02",auto,https://www.facebook.com/hu.4113/posts/pfbid0rdFj9EcMmsJK1Ax84SeD3Gea8J85zaDj3DcVcW3KWrjQgPGWhgB6Vk7vEt4ax4sdl,0,0,Video,,,,,Lifetime,269,247,11,11,0,0,2761.865,11.702,0,0,0,9,9,269,0,247,0,91,10,82,10,91,0,15,0,0,,,,,,,,,,,,,,,,,,,,,,,,,,,,,,,,,,,,,,,,,,,,,,,,,,,,,
122121363536198697,247903501729335,HU.co,,"KHAIE
#khaie #faysalquraishi #hinabayat #uzmahassan #osamatahir #sabafaisal #noorulhassan #shujaasad #lailawasti #saqlainabbas #geotv #syedwajahathussain #asadqureshi #abdullahkadwani #thskyentertainment #javedjamal #shamylkhan #khalidbutt #geoentertainment #durefishansaleem #harpalgeo #nabeelzuberi #mahnoor #hassannoman #mahenurhaider #durefishan #fuchsiamagazine #fuchsiaepaper #khudaaurmohabbat #trending",212,"02/24/2024 22:02",auto,https://www.facebook.com/hu.4113/posts/pfbid0iVMi3WQCHhyq2fjnrp19Hm2XxMkiaLP3VswSFWbatGwTz7sGrnPXkCuNwse1ZXkZl,0,0,Video,,,,,Lifetime,200,181,8,8,0,0,990.487,6.19,0,0,0,4,4,200,0,181,0,46,4,42,4,46,0,10,0,0,,,,,,,,,,,,,,,,,,,,,,,,,,,,,,,,,,,,,,,,,,,,,,,,,,,,,
122121516380198697,247903501729335,HU.co,,"KHAIE
#khaie #faysalquraishi #hinabayat #uzmahassan #osamatahir #sabafaisal #noorulhassan #shujaasad #lailawasti #saqlainabbas #geotv #syedwajahathussain #asadqureshi #abdullahkadwani #thskyentertainment #javedjamal #shamylkhan #khalidbutt #geoentertainment #durefishansaleem #harpalgeo #nabeelzuberi #mahnoor #hassannoman #mahenurhaider #durefishan #fuchsiamagazine #fuchsiaepaper #khudaaurmohabbat #trending",198,"02/25/2024 05:02",N/A,https://www.facebook.com/hu.4113/posts/pfbid02sB2v4zLcVmY69bKHzrFDWSE4rFGNJLMQn3Wgq2nBZ5W7Fa6FzN3toXc3CZwSP6CTl,0,0,Video,,,,,Lifetime,280,258,18,15,0,3,2350.617,9.516,0,0,0,11,11,280,0,258,0,105,6,91,5,105,0,24,0,0,,,,,,,,,,,,,,,,,,,,,,,,,,,,,,,,,,,,,,,,,,,,,,,,,,,,,
122121560762198697,247903501729335,HU.co,,"ISHQ MURSHID 
#ishqmurshid #humtv #bilalabbaskhan #moomalentertainment #farooqrind #mdproductions #durefishansaleem #abdulkhaliqkhan #excitement #masterpaints #bilalabbas #yumnazaidi #wahajali #ayezakhan #humpr #humtvdramas #comingsoon #hibabukhari #sabaqamar #haniaamir #ferozekhan #muneebbutt #minalkhan #ahadrazamir #sajalaly #psu #farhansaeed #terebin #zaranoor #haroonkadwani",61,"02/25/2024 07:02",N/A,https://www.facebook.com/hu.4113/posts/pfbid031gE8FUMvrbrP4aqeyHmAunbdLLm7ysofkQoa7pwXJXUStA8sDFmVTcCiPRFxbUtJl,0,0,Video,,,,,Lifetime,546,534,23,23,0,0,4118.4,8.562,0,0,0,22,22,546,0,534,0,246,11,234,11,246,0,39,0,0,77,13,5,41,39,7,11,19,10,3,18,1,243,1,,,,,,,,,,,,,,,,,,,,,,,,,,,1,,,,,,,,1,,,,
122122732586198697,247903501729335,HU.co,,"ISHQ MURSHID 
#ishqmurshid #humtv #bilalabbaskhan #moomalentertainment #farooqrind #mdproductions #durefishansaleem #abdulkhaliqkhan #excitement #masterpaints #bilalabbas #yumnazaidi #wahajali #ayezakhan #humpr #humtvdramas #comingsoon #hibabukhari #sabaqamar #haniaamir #ferozekhan #muneebbutt #minalkhan #ahadrazamir #sajalaly #psu #farhansaeed #terebin #zaranoor #haroonkadwani",272,"02/27/2024 23:02",auto,https://www.facebook.com/hu.4113/posts/pfbid02xJQuSrUvSzS9YSJEttip8nCeZXMVKxaiKtcLgrWkyvQxLibAoMFLeHpVfRLLQqazl,0,0,Video,,,,,Lifetime,409,385,21,21,0,0,4141.247,11.162,0,0,0,15,15,409,0,385,0,145,13,136,12,145,0,33,0,0,39,4,4,35,15,8,9,7,3,7,8,3,136,4,,,,,,,,,,,,,,,,,,,,,,,,1,,,1,,,,,,,,2,1,,,
122122863950198697,247903501729335,HU.co,,"ISHQ MURSHID
#ishqmurshid #humtv #bilalabbaskhan #moomalentertainment #farooqrind #mdproductions #durefishansaleem #abdulkhaliqkhan #excitement #masterpaints #bilalabbas #yumnazaidi #wahajali #ayezakhan #humpr #humtvdramas #comingsoon #hibabukhari #sabaqamar #haniaamir #ferozekhan #muneebbutt #minalkhan #ahadrazamir #sajalaly #psu #farhansaeed #terebin #zaranoor #haroonkadwani",140,"02/28/2024 06:02",auto,https://www.facebook.com/hu.4113/posts/pfbid0roQok5oQ7S1CZpVh1n9saPE7oGi7kr1fmDXy1Amck877NV7y9SZCF7jhJ3i37fR6l,0,0,Video,,,,,Lifetime,563,542,36,35,0,1,5986.912,11.513,0,0,0,19,19,563,0,542,0,229,26,220,25,229,0,48,0,0,58,13,10,52,23,4,13,17,8,9,12,5,214,6,,,,,,,2,,,,,,,,,,,,,,,,,,,,1,,,,,,,,5,1,,,
122123062562198697,247903501729335,HU.co,,"ISHQ MURSHID
#ishqmurshid #humtv #bilalabbaskhan #moomalentertainment #farooqrind #mdproductions #durefishansaleem #abdulkhaliqkhan #excitement #masterpaints #bilalabbas #yumnazaidi #wahajali #ayezakhan #humpr #humtvdramas #comingsoon #hibabukhari #sabaqamar #haniaamir #ferozekhan #muneebbutt #minalkhan #ahadrazamir #sajalaly #psu #farhansaeed #terebin #zaranoor #haroonkadwani",114,"02/28/2024 22:02",N/A,https://www.facebook.com/hu.4113/posts/pfbid02rY1dJHV1nKzS8Pjt8qyUCtzLjVjVWM27kXxeKavjtwDbg8NPGAnhAVCcys3kk3Hyl,0,0,Video,,,,,Lifetime,244,230,13,13,0,0,1944.218,8.718,0,0,0,7,7,244,0,230,0,94,10,89,10,94,0,20,0,0,,,,,,,,,,,,,,,,,,,,,,,,,,,,,,,,,,,,,,,,,,,,,,,,,,,,,
122123121704198697,247903501729335,HU.co,,"ISHQ MURSHID
#ishqmurshid #humtv #bilalabbaskhan #moomalentertainment #farooqrind #mdproductions #durefishansaleem #abdulkhaliqkhan #excitement #masterpaints #bilalabbas #yumnazaidi #wahajali #ayezakhan #humpr #humtvdramas #comingsoon #hibabukhari #sabaqamar #haniaamir #ferozekhan #muneebbutt #minalkhan #ahadrazamir #sajalaly #psu #farhansaeed #terebin #zaranoor #haroonkadwani",193,"02/29/2024 02:02",N/A,https://www.facebook.com/hu.4113/posts/pfbid02iZWM7zBU8kmGztxT6DWPRLA7NPYFc6tKdAsJinkqD7rVPqLSTZguZMQKp43DBQbal,0,0,Video,,,,,Lifetime,137,121,6,6,0,0,811.58,5.881,0,0,0,6,6,137,0,121,0,45,3,35,3,45,0,10,0,0,,,,,,,,,,,,,,,,,,,,,,,,,,,,,,,,,,,,,,,,,,,,,,,,,,,,,
122125410098198697,247903501729335,HU.co,,"ISHQ MURSHID
#ishqmurshid #humtv #bilalabbaskhan #moomalentertainment #farooqrind #mdproductions #durefishansaleem #abdulkhaliqkhan #excitement #masterpaints #bilalabbas #yumnazaidi #wahajali #ayezakhan #humpr #humtvdramas #comingsoon #hibabukhari #sabaqamar #haniaamir #ferozekhan #muneebbutt #minalkhan #ahadrazamir #sajalaly #psu #farhansaeed #terebin #zaranoor #haroonkadwani",276,"03/05/2024 22:03",auto,https://www.facebook.com/hu.4113/posts/pfbid09iEDchcb5AGDw15Gb14y1A5BmCLcVRnV8JSBhxdWd33Nqc7Z1QqEfHz2zB2yWSZal,0,0,Video,,,,,Lifetime,224,210,9,9,0,0,3015.703,15.003,0,0,0,14,14,224,0,210,0,94,14,86,14,94,0,18,0,0,,,,,,,,,,,,,,,,,,,,,,,,,,,,,,,,,,,,,,,,,,,,,,,,,,,,,
122125539398198697,247903501729335,HU.co,,"ISHQ MURSHID
#ishqmurshid #humtv #bilalabbaskhan #moomalentertainment #farooqrind #mdproductions #durefishansaleem #abdulkhaliqkhan #excitement #masterpaints #bilalabbas #yumnazaidi #wahajali #ayezakhan #humpr #humtvdramas #comingsoon #hibabukhari #sabaqamar #haniaamir #ferozekhan #muneebbutt #minalkhan #ahadrazamir #sajalaly #psu #farhansaeed #terebin #zaranoor #haroonkadwani",275,"03/06/2024 05:03",N/A,https://www.facebook.com/hu.4113/posts/pfbid0tbhxKdaAhyXtB1twtzsUpzEQbMSwTHpAbqa5eBQav2BfSD3eQRWvd3xgfRXy7WCwl,0,0,Video,,,,,Lifetime,80,67,5,5,0,0,708.85,10.579,0,0,0,0,,80,0,67,0,33,2,30,2,33,0,5,0,0,,,,,,,,,,,,,,,,,,,,,,,,,,,,,,,,,,,,,,,,,,,,,,,,,,,,,
122125595738198697,247903501729335,HU.co,,"ISHQ MURSHID
#ishqmurshid #humtv #bilalabbaskhan #moomalentertainment #farooqrind #mdproductions #durefishansaleem #abdulkhaliqkhan #excitement #masterpaints #bilalabbas #yumnazaidi #wahajali #ayezakhan #humpr #humtvdramas #comingsoon #hibabukhari #sabaqamar #haniaamir #ferozekhan #muneebbutt #minalkhan #ahadrazamir #sajalaly #psu #farhansaeed #terebin #zaranoor #haroonkadwani",209,"03/06/2024 08:03",N/A,https://www.facebook.com/hu.4113/posts/pfbid02SsMEpxDj71dtEXjUCfjSZ43bZF9Bs3kKRPPGmmTDvvM2P6m5o4RtjZjggsF8m1Nil,0,0,Video,,,,,Lifetime,130,117,10,10,0,0,1655.921,13.462,0,0,0,6,6,130,0,117,0,62,6,57,6,62,0,15,0,0,,,,,,,,,,,,,,,,,,,,,,,,,,,,,,,,,,,,,,,,,,,,,,,,,,,,,
122125825070198697,247903501729335,HU.co,,"KHAIE
#khaie #faysalquraishi #hinabayat #uzmahassan #osamatahir #sabafaisal #noorulhassan #shujaasad #lailawasti #saqlainabbas #geotv #syedwajahathussain #asadqureshi #abdullahkadwani #thskyentertainment #javedjamal #shamylkhan #khalidbutt #geoentertainment #durefishansaleem #harpalgeo #nabeelzuberi #mahnoor #hassannoman #mahenurhaider #durefishan #fuchsiamagazine #fuchsiaepaper #khudaaurmohabbat #trending",127,"03/06/2024 23:03",N/A,https://www.facebook.com/hu.4113/posts/pfbid02niXtyGt53ommWnFZDsoTwDTbveG2mnMn2vVmNWVUcmuRqPJqdQut5niRXFss5Lwyl,0,0,Video,,,,,Lifetime,66,55,5,5,0,0,460.41,7.547,0,0,0,1,1,66,0,55,0,19,2,15,2,19,0,5,0,0,,,,,,,,,,,,,,,,,,,,,,,,,,,,,,,,,,,,,,,,,,,,,,,,,,,,,
122125949492198697,247903501729335,HU.co,,"KHAIE
#khaie #faysalquraishi #hinabayat #uzmahassan #osamatahir #sabafaisal #noorulhassan #shujaasad #lailawasti #saqlainabbas #geotv #syedwajahathussain #asadqureshi #abdullahkadwani #thskyentertainment #javedjamal #shamylkhan #khalidbutt #geoentertainment #durefishansaleem #harpalgeo #nabeelzuberi #mahnoor #hassannoman #mahenurhaider #durefishan #fuchsiamagazine #fuchsiaepaper #khudaaurmohabbat #trending",102,"03/07/2024 06:03",N/A,https://www.facebook.com/hu.4113/posts/pfbid0vDr2JL9txZnQgkBYA3aqfAkLWfh7tcXPnkdcp2RK72nHoK6JTC8CHVTyHmhS7J4Sl,0,0,Video,,,,,Lifetime,115,102,8,6,2,0,824.507,7.634,0,0,0,5,5,115,0,102,0,37,5,30,4,37,0,9,0,0,,,,,,,,,,,,,,,,,,,,,,,,,,,,,,,,,,,,,,,,,,,,,,,,,,,,,
122125996214198697,247903501729335,HU.co,,"KHAIE
#khaie #faysalquraishi #hinabayat #uzmahassan #osamatahir #sabafaisal #noorulhassan #shujaasad #lailawasti #saqlainabbas #geotv #syedwajahathussain #asadqureshi #abdullahkadwani #thskyentertainment #javedjamal #shamylkhan #khalidbutt #geoentertainment #durefishansaleem #harpalgeo #nabeelzuberi #mahnoor #hassannoman #mahenurhaider #durefishan #fuchsiamagazine #fuchsiaepaper #khudaaurmohabbat #trending",246,"03/07/2024 08:03",N/A,https://www.facebook.com/hu.4113/posts/pfbid0g5Zx46LfyYPvoAtUCMVENpyuXYYVGSk4d2JpTfaMMEjYJLF6oeqqx76yqBHo5V9dl,0,0,Video,,,,,Lifetime,128,117,9,9,0,0,2128.474,17.304,0,0,0,8,8,128,0,117,0,56,8,51,8,56,0,13,0,0,,,,,,,,,,,,,,,,,,,,,,,,,,,,,,,,,,,,,,,,,,,,,,,,,,,,,
122126301386198697,247903501729335,HU.co,,"KHAIE
#khaie #faysalquraishi #hinabayat #uzmahassan #osamatahir #sabafaisal #noorulhassan #shujaasad #lailawasti #saqlainabbas #geotv #syedwajahathussain #asadqureshi #abdullahkadwani #thskyentertainment #javedjamal #shamylkhan #khalidbutt #geoentertainment #durefishansaleem #harpalgeo #nabeelzuberi #mahnoor #hassannoman #mahenurhaider #durefishan #fuchsiamagazine #fuchsiaepaper #khudaaurmohabbat #trending",249,"03/08/2024 06:03",auto,https://www.facebook.com/hu.4113/posts/pfbid0MkQeT7zgJLaAhpZ6LXGumYcNgqP9QszxvC54datx6yiQK1i2L9tdEGXuVpZJU7GEl,0,0,Video,,,,,Lifetime,95,86,5,5,0,0,729.01,9.227,0,0,0,4,4,95,0,86,0,27,3,26,3,27,0,7,0,0,,,,,,,,,,,,,,,,,,,,,,,,,,,,,,,,,,,,,,,,,,,,,,,,,,,,,
122126336654198697,247903501729335,HU.co,,"KHAIE
#khaie #faysalquraishi #hinabayat #uzmahassan #osamatahir #sabafaisal #noorulhassan #shujaasad #lailawasti #saqlainabbas #geotv #syedwajahathussain #asadqureshi #abdullahkadwani #thskyentertainment #javedjamal #shamylkhan #khalidbutt #geoentertainment #durefishansaleem #harpalgeo #nabeelzuberi #mahnoor #hassannoman #mahenurhaider #durefishan #fuchsiamagazine #fuchsiaepaper #khudaaurmohabbat #trending",144,"03/08/2024 08:03",N/A,https://www.facebook.com/hu.4113/posts/pfbid02NiYMk52g3t8qqh4K6ngbD7ebJrejeADTKCeXwMhBNKz12CLrNcZ4jMKvsZsfWJDPl,0,0,Video,,,,,Lifetime,98,86,5,5,0,0,759.211,8.342,0,0,0,1,1,98,0,86,0,30,3,23,3,30,0,5,0,0,,,,,,,,,,,,,,,,,,,,,,,,,,,,,,,,,,,,,,,,,,,,,,,,,,,,,
122126727542198697,247903501729335,HU.co,,"Like, Follow & Share.

#reelsviralfb #shorts #reelsinstagram #reels #shortsreels",60,"03/09/2024 12:03",auto,https://www.facebook.com/hu.4113/posts/pfbid0tvpSK6ejAvYfVqeNcmN766X6NbG7S6wWnjwVErDFv5E96KiWe4SFt2NyFCmrayWRl,0,0,"FB reel",,,,,Lifetime,104,100,8,7,0,1,885.252,8.594,,,0,0,,104,0,100,0,,,,,43,0,,,,,,,,,,,,,,,,,,,,,,,,,,,,,,,,,,,,,,,,,,,,,,,,,,111,,,,,,
122126834570198697,247903501729335,HU.co,,"Like, Follow & Share.

#reelsvideoã‚· #reelsviralfb #reels #reelsinstagram #instagramreel #shorts #shortsreels",27,"03/09/2024 21:03",N/A,https://www.facebook.com/hu.4113/posts/pfbid0xEvGfbEJAsmdm9MpLR5DJYmM5ufwYmZtQok8VrwxcQ22j94mU1U4mJUK2Lb2Q2DAl,0,0,"FB reel",,,,,Lifetime,54,52,5,5,0,0,350.234,5.559,,,0,0,,54,0,52,0,,,,,28,0,,,,,,,,,,,,,,,,,,,,,,,,,,,,,,,,,,,,,,,,,,,,,,,,,,68,,,,,,
122126916266198697,247903501729335,HU.co,,"Like, Follow & Share.
#reelsviralfb #shorts #reelsinstagram #reels #shortsreels #islamicstatus #islamicreminders",23,"03/10/2024 03:03",N/A,https://www.facebook.com/hu.4113/posts/pfbid025wUkxJLkH1wkTBHZfBNqzi79poZgYFWLR6VcpgPPz9A3vw274shqtZRPdj5XtXBjl,0,0,"FB reel",,,,,Lifetime,136,134,13,13,0,0,410.436,3.283,,,0,0,,136,0,134,0,,,,,29,0,,,,,,,,,,,,,,,,,,,,,,,,,,,,,,,,,,,,,,,,,,,,,,,,,,131,,,,,,
122126929754198697,247903501729335,HU.co,,"Like, Follow & Share.
#reelsviralfb #shorts #reelsinstagram #reels #shortsreels #islamicreminder #islamicstatus",24,"03/10/2024 04:03",N/A,https://www.facebook.com/hu.4113/posts/pfbid0nQxBF6ucrLeY3qFVawDf9NMfsVjDSLMu2nTpkNXNy67ySvgobzvcuu6kJpakJDPhl,0,0,"FB reel",,,,,Lifetime,82,75,6,6,0,0,596.357,6.854,,,0,0,,82,0,75,0,,,,,33,0,,,,,,,,,,,,,,,,,,,,,,,,,,,,,,,,,,,,,,,,,,,,,,,,,,102,,,,,,
122126938472198697,247903501729335,HU.co,,"Like, Follow & Share.
#reelsviralfb #shorts #reelsinstagram #reels #shortsreels #islamicreminder #islamicstatus",25,"03/10/2024 05:03",N/A,https://www.facebook.com/hu.4113/posts/pfbid02kk5hE7ZMxUCYrF2zbZaxE5hnz8oqJmeDrMDFHSUuwBeYUoQCaptqutA6NVg54Lqzl,0,0,"FB reel",,,,,Lifetime,55,52,6,6,0,0,246.68,4.181,,,0,0,,55,0,52,0,,,,,20,0,,,,,,,,,,,,,,,,,,,,,,,,,,,,,,,,,,,,,,,,,,,,,,,,,,62,,,,,,
122126949992198697,247903501729335,HU.co,,"Like, Follow & Share.
#reelsviralfb #shorts #reelsinstagram #reels #shortsreels #islamicreminder #islamicstatus",24,"03/10/2024 05:03",N/A,https://www.facebook.com/hu.4113/posts/pfbid0YooKfPZ4cdm3HLDbdbrJ4quTeD8pepQx6eBvTdifpFBAHwsSMLW8r5DGDdde7CCrl,0,0,"FB reel",,,,,Lifetime,26,22,4,4,0,0,232.415,6.281,,,0,0,,26,0,22,0,,,,,19,0,,,,,,,,,,,,,,,,,,,,,,,,,,,,,,,,,,,,,,,,,,,,,,,,,,40,,,,,,
122127184418198697,247903501729335,HU.co,,"Like, Follow & Share.

#reelsviralfb #shorts #reelsinstagram #reels #shortsreels #islamicreminder #islamicstatus",10,"03/10/2024 22:03",N/A,https://www.facebook.com/hu.4113/posts/pfbid0tTqtm3EPs6zuTeyj4WE4TezZPFhn6UQUfQY5WgL7sn25YLWLKUL4L5b3G1ZbVN3ul,0,0,"FB reel",,,,,Lifetime,142,136,11,8,2,1,578.075,4.699,,,0,0,,142,0,136,0,,,,,46,0,,,,,,,,,,,,,,,,,,,,,,,,,,,,,,,,,,,,,,,,,,,,,,,,,,152,,,,,,
122127197198198697,247903501729335,HU.co,,"Like, Follow & Share.

#reelsviralfb #shorts #reelsinstagram #reels #shortsreels #islamicreminder #islamicstatus",31,"03/10/2024 23:03",N/A,https://www.facebook.com/hu.4113/posts/pfbid033RgZSWsTUHat4jMKnrP54wWwMYKykR3nLaroN6wb6N1Bpq9scqiTqmxxs5E6yV77l,0,0,"FB reel",,,,,Lifetime,78,73,7,7,0,0,253.465,3.472,,,0,0,,78,0,73,0,,,,,15,0,,,,,,,,,,,,,,,,,,,,,,,,,,,,,,,,,,,,,,,,,,,,,,,,,,75,,,,,,
122127234146198697,247903501729335,HU.co,,"Like, Follow & Share.

#reelsviralfb #shorts #reelsinstagram #reels #shortsreels #islamicreminder #islamicstatus",20,"03/11/2024 01:03",N/A,https://www.facebook.com/hu.4113/posts/pfbid02ZjCgPGih9py3JAKNCi8qS4U3Djrxzjyv9XBneatVSLzNfTkPd2jtWEK2KDVYePkcl,0,0,"FB reel",,,,,Lifetime,124,118,9,6,2,1,741.426,5.884,,,0,0,,124,0,118,0,,,,,50,0,,,,,,,,,,,,,,,,,,,,,,,,,,,,,,,,,,,,,,,,,,,,,,,,,,142,,,,,,
122127299366198697,247903501729335,HU.co,,"ISHQ MURSHID
#ishqmurshid #humtv #bilalabbaskhan #moomalentertainment #farooqrind #durefishansaleem #excitement  #bilalabbas  #humtvdramas #comingsoon #psu #trending2024",134,"03/11/2024 06:03",N/A,https://www.facebook.com/hu.4113/posts/pfbid0PHXLpVrmrEJb3f4FN7XDGcnRaFHxUVULua7sUbyUjwLmEDJjetTBVfBVM1J3aVeCl,0,0,Video,,,,,Lifetime,77,67,6,6,0,0,903.261,12.903,0,0,0,3,3,77,0,67,0,38,3,35,3,38,0,8,0,0,,,,,,,,,,,,,,,,,,,,,,,,,,,,,,,,,,,,,,,,,,,,,,,,,,,,,
122127332162198697,247903501729335,HU.co,,"ISHQ MURSHID
#ishqmurshid #humtv #bilalabbaskhan #moomalentertainment #farooqrind #durefishansaleem #excitement  #bilalabbas  #humtvdramas #comingsoon #psu #trending2024",157,"03/11/2024 08:03",N/A,https://www.facebook.com/hu.4113/posts/pfbid02KR6XgnykcmHaoQdYpp1fi6NpuPg3n4NHTygBUwtx7pLkqZ85JagKzkNJgQLpu7jEl,0,0,Video,,,,,Lifetime,118,111,12,12,0,0,1887.143,15.992,0,0,0,7,7,118,0,111,0,49,7,36,7,49,0,13,0,0,,,,,,,,,,,,,,,,,,,,,,,,,,,,,,,,,,,,,,,,,,,,,,,,,,,,,
122127364112198697,247903501729335,HU.co,,"KHAIE
#khaie #faysalquraishi #hinabayat #uzmahassan #osamatahir #sabafaisal #noorulhassan #shujaasad #lailawasti #saqlainabbas #geotv #syedwajahathussain #asadqureshi #abdullahkadwani #thskyentertainment #javedjamal #shamylkhan #khalidbutt #geoentertainment #durefishansaleem #harpalgeo #nabeelzuberi #mahnoor #hassannoman #mahenurhaider #durefishan #fuchsiamagazine #fuchsiaepaper #khudaaurmohabbat #trending",52,"03/11/2024 09:03",N/A,https://www.facebook.com/hu.4113/posts/pfbid06i3AcDAxUzi4Mcctqw9biCy4TQtmbdTeA3DGQF3uQJnwCtXpDWyTdRhdARaMnw26l,0,0,Video,,,,,Lifetime,88,80,7,6,0,1,1790.401,12.52,0,0,0,0,,88,0,80,0,70,0,57,0,70,0,6,0,0,,,,,,,,,,,,,,,,,,,,,,,,,,,,,,,,,,,,,,,,,,,,,,,,,,,,,
122127567788198697,247903501729335,HU.co,,"Ramadan Mubarak to you & your Family âœ¨ðŸŒ™.
From HU.co ðŸ˜Š

#post #islamicstatus #RamadanMubarak",0,"03/12/2024 02:03",N/A,https://www.facebook.com/hu.4113/posts/pfbid021QijMv66Tb2XjTmcd2BgeSkz2D11QukUD815tjRgKRnZYdyZF4tqD3JQo51qrd8Sl,0,0,Photo,,,,,Lifetime,119,111,5,4,1,0,,,,,,3,1,119,0,111,0,0,0,0,0,0,0,6,0,0,,,,,,,,,,,,,,,,,,,,,,,,,,,,,,,,,,,,,,,,,,,,,,2,,,,,,,
122127572708198697,247903501729335,HU.co,,"Like, Follow & Share.

#reelsviralfb #shorts #reelsinstagram #reels #shortsreels #islamicreminder #islamicstatus",16,"03/12/2024 02:03",N/A,https://www.facebook.com/hu.4113/posts/pfbid04Hp55z6LTW4viQy2UKk9UTdiXwm7DkteD8sinuKxfnMQQgFQ9ijn7EAewovc7wD6l,0,0,"FB reel",,,,,Lifetime,32,29,5,4,1,0,144.006,3.892,,,0,0,,32,0,29,0,,,,,11,0,,,,,,,,,,,,,,,,,,,,,,,,,,,,,,,,,,,,,,,,,,,,,,,,,,44,,,,,,
122127599216198697,247903501729335,HU.co,,"KHAIE
#khaie #faysalquraishi #hinabayat #uzmahassan #osamatahir #sabafaisal #noorulhassan #shujaasad #lailawasti #saqlainabbas #geotv #syedwajahathussain #asadqureshi #abdullahkadwani #thskyentertainment #javedjamal #shamylkhan #khalidbutt #geoentertainment #durefishansaleem #harpalgeo #nabeelzuberi #mahnoor #hassannoman #mahenurhaider #durefishan #fuchsiamagazine #fuchsiaepaper #khudaaurmohabbat #trending",207,"03/12/2024 03:03",mixed,https://www.facebook.com/hu.4113/posts/pfbid02BPKE2R2y7vKXBS3mRcy72v5YmgHtnJstmwTWe9dy8eVK8KLnp5XeJ98MjJRouocRl,0,0,Video,,,,,Lifetime,59,54,5,5,0,0,782.156,11.016,0,0,0,1,1,59,0,54,0,31,4,27,4,31,0,5,0,0,,,,,,,,,,,,,,,,,,,,,,,,,,,,,,,,,,,,,,,,,,,,,,,,,,,,,
122127599984198697,247903501729335,HU.co,,"Like, Follow & Share.

#islamic #islamdaily #madinah #tawbah  #quranic #DeenDaily #deen #ummah ##quranquotes #quran #islam",34,"03/12/2024 03:03",N/A,https://www.facebook.com/hu.4113/posts/pfbid031k3oDL8wWQwQLycuFYXzdTHXGMWqDMcBd1vxNR9L45nwotqCetuf5eXQRv5oHoBGl,0,0,"FB reel",,,,,Lifetime,91,86,5,5,0,0,633.64,8.229,,,0,0,,91,0,86,0,,,,,35,0,,,,,,,,,,,,,,,,,,,,,,,,,,,,,,,,,,,,,,,,,,,,,,,,,,91,,,,,,
122127614528198697,247903501729335,HU.co,,"Like, Follow & Share.

#islamic #islamdaily #madinah #tawbah  #quranic #DeenDaily #deen #ummah ##quranquotes #quran #islam",22,"03/12/2024 04:03",auto,https://www.facebook.com/hu.4113/posts/pfbid0U3VqAe5FqXJ7noxxo6BPMWRj3rWV9KS1kVHcunaVoYSraubZxSemV4M6vsZmHVCQl,0,0,"FB reel",,,,,Lifetime,83,80,5,4,1,0,508.498,7.477,,,0,0,,83,0,80,0,,,,,24,0,,,,,,,,,,,,,,,,,,,,,,,,,,,,,,,,,,,,,,,,,,,,,,,,,,82,,,,,,
122127649544198697,247903501729335,HU.co,,"Like, Follow & Share.

#islamic #islamdaily #madinah #tawbah  #quranic #DeenDaily #deen #ummah ##quranquotes #quran #islam",14,"03/12/2024 06:03",N/A,https://www.facebook.com/hu.4113/posts/pfbid02dJNdZjTAGj4rTinBam2TYVXpKPKTVZUn3e2UQ7qASw3oVM9vRsXQ3GK5wePwwQ69l,0,0,"FB reel",,,,,Lifetime,52,49,5,4,1,0,200.172,4.448,,,0,0,,52,0,49,0,,,,,21,0,,,,,,,,,,,,,,,,,,,,,,,,,,,,,,,,,,,,,,,,,,,,,,,,,,50,,,,,,
122127674114198697,247903501729335,HU.co,,"Like, Follow & Share.

#islamic #islamdaily #madinah #tawbah  #quranic #DeenDaily #deen #ummah ##quranquotes #quran #islam",27,"03/12/2024 07:03",auto,https://www.facebook.com/hu.4113/posts/pfbid0bGKTf783yRpV5NoZKUYppCj7P4F2C48Rj2gTJPHgxh4wAyPKnkrWqYfyKTgwPMpJl,0,0,"FB reel",,,,,Lifetime,109,103,8,8,0,0,521.256,5.791,,,0,0,,109,0,103,0,,,,,27,0,,,,,,,,,,,,,,,,,,,,,,,,,,,,,,,,,,,,,,,,,,,,,,,,,,102,,,,,,
122127690536198697,247903501729335,HU.co,,"Like, Follow & Share.

#islamic #islamdaily #madinah #tawbah  #quranic #DeenDaily #deen #ummah ##quranquotes #quran #islam",23,"03/12/2024 08:03",N/A,https://www.facebook.com/hu.4113/posts/pfbid0PJQ1t7tyGy9k9bW9CCKJrb78vSaf9YdU7LHsFVhkZGc49LqHNKY9CfyuEqzjrAu1l,0,0,"FB reel",,,,,Lifetime,52,49,3,3,0,0,216.585,4.813,,,0,0,,52,0,49,0,,,,,17,0,,,,,,,,,,,,,,,,,,,,,,,,,,,,,,,,,,,,,,,,,,,,,,,,,,51,,,,,,
122127909500198697,247903501729335,HU.co,,"KHAIE
#khaie #faysalquraishi #hinabayat #uzmahassan #osamatahir #sabafaisal #noorulhassan #shujaasad #lailawasti #saqlainabbas #geotv #syedwajahathussain #asadqureshi #abdullahkadwani #thskyentertainment #javedjamal #shamylkhan #khalidbutt #geoentertainment #durefishansaleem #harpalgeo #nabeelzuberi #mahnoor #hassannoman #mahenurhaider #durefishan #fuchsiamagazine #fuchsiaepaper #khudaaurmohabbat #trending",261,"03/12/2024 23:03",auto,https://www.facebook.com/hu.4113/posts/pfbid02JtWxW3erfvbjnhDZoU9RQf43UKaWBhPyysWvXZAXPjqpkPBPTjzLJyTD6FUVj1gil,0,0,Video,,,,,Lifetime,102,97,8,8,0,0,2647.549,17.768,0,0,0,3,3,102,0,97,0,86,10,76,10,86,0,8,0,0,,,,,,,,,,,,,,,,,,,,,,,,,,,,,,,,,,,,,,,,,,,,,,,,,,,,,
122127967940198697,247903501729335,HU.co,,"KHAIE
#khaie #faysalquraishi #hinabayat #uzmahassan #osamatahir #sabafaisal #noorulhassan #shujaasad #lailawasti #saqlainabbas #geotv #syedwajahathussain #asadqureshi #abdullahkadwani #thskyentertainment #javedjamal #shamylkhan #khalidbutt #geoentertainment #durefishansaleem #harpalgeo #nabeelzuberi #mahnoor #hassannoman #mahenurhaider #durefishan #fuchsiamagazine #fuchsiaepaper #khudaaurmohabbat #trending",280,"03/13/2024 03:03",N/A,https://www.facebook.com/hu.4113/posts/pfbid0PgMBprbfsnjYZ3wkDLtDEbfqmHqR2JuDjVVUP3jZ1e9zK1fGMjA5cAdZ2FYXxuExl,0,0,Video,,,,,Lifetime,54,46,5,4,1,0,875.372,19.452,0,0,0,0,,54,0,46,0,20,4,18,4,20,0,4,0,0,,,,,,,,,,,,,,,,,,,,,,,,,,,,,,,,,,,,,,,,,,,,,,,47,,,,,,
122128009136198697,247903501729335,HU.co,,"ISHQ MURSHID
#ishqmurshid #humtv #bilalabbaskhan #moomalentertainment #farooqrind #durefishansaleem #excitement  #bilalabbas  #humtvdramas #comingsoon #psu #trending2024",158,"03/13/2024 05:03",N/A,https://www.facebook.com/hu.4113/posts/pfbid0W1jPadXWupHTGnNYfUgAPY27AnkCHM8pFnDnz1aNk2f5XNa8W4HBKMkoR4JjxDAzl,0,0,Video,,,,,Lifetime,44,37,5,4,1,0,244.068,6.422,0,0,0,1,1,44,0,37,0,19,0,16,0,19,0,5,0,0,,,,,,,,,,,,,,,,,,,,,,,,,,,,,,,,,,,,,,,,,,,,,,,42,,,,,,
122128038122198697,247903501729335,HU.co,,"Like, Follow & Share.

#islamic #islamdaily #madinah #tawbah  #quranic #DeenDaily #deen #ummah ##quranquotes #quran #islam",18,"03/13/2024 07:03",auto,https://www.facebook.com/hu.4113/posts/pfbid02jaUoqRjmTHdCQxFK9Eun2UYhaiNERLp72Reeuh2Ee3hkMArntW5Z4onLgypB8Fuyl,0,0,"FB reel",,,,,Lifetime,76,69,7,6,1,0,332.839,5.2,,,0,0,,76,0,69,0,,,,,20,0,,,,,,,,,,,,,,,,,,,,,,,,,,,,,,,,,,,,,,,,,,,,,,,,,,77,,,,,,
122128258814198697,247903501729335,HU.co,,"KHAIE
#khaie #faysalquraishi #hinabayat #uzmahassan #osamatahir #sabafaisal #noorulhassan #shujaasad #lailawasti #saqlainabbas #geotv #syedwajahathussain #asadqureshi #abdullahkadwani #thskyentertainment #javedjamal #shamylkhan #khalidbutt #geoentertainment #durefishansaleem #harpalgeo #nabeelzuberi #mahnoor #hassannoman #mahenurhaider #durefishan #fuchsiamagazine #fuchsiaepaper #khudaaurmohabbat #trending",263,"03/14/2024 00:03",auto,https://www.facebook.com/hu.4113/posts/pfbid025hVyxMjbSg6iqKjKc1xyzay643GDAYuKt2gidW1vCbXye7QoFXVvU3iB5RtpqPmBl,0,0,Video,,,,,Lifetime,79,71,8,8,0,0,1678.65,19.748,0,0,0,4,4,79,0,71,0,29,6,27,6,29,0,10,0,0,,,,,,,,,,,,,,,,,,,,,,,,,,,,,,,,,,,,,,,,,,,,,,,90,,,,,,
122128311284198697,247903501729335,HU.co,,"KHAIE
#khaie #faysalquraishi #hinabayat #uzmahassan #osamatahir #sabafaisal #noorulhassan #shujaasad #lailawasti #saqlainabbas #geotv #syedwajahathussain #asadqureshi #abdullahkadwani #thskyentertainment #javedjamal #shamylkhan #khalidbutt #geoentertainment #durefishansaleem #harpalgeo #nabeelzuberi #mahnoor #hassannoman #mahenurhaider #durefishan #fuchsiamagazine #fuchsiaepaper #khudaaurmohabbat #trending",125,"03/14/2024 03:03",N/A,https://www.facebook.com/hu.4113/posts/pfbid0F2JxWRip14S5Usb6gnYtX9WYLU97Ta68tASDuNB8woL14uoP3kftiWEYEngEg8Gal,0,0,Video,,,,,Lifetime,103,94,8,8,0,0,2014.903,23.429,0,0,0,7,7,103,0,94,0,43,13,39,13,43,0,12,0,0,,,,,,,,,,,,,,,,,,,,,,,,,,,,,,,,,,,,,,,,,,,,,,,88,,,,,,
122128379282198697,247903501729335,HU.co,,"KHAIE
#khaie #faysalquraishi #hinabayat #uzmahassan #osamatahir #sabafaisal #noorulhassan #shujaasad #lailawasti #saqlainabbas #geotv #syedwajahathussain #asadqureshi #abdullahkadwani #thskyentertainment #javedjamal #shamylkhan #khalidbutt #geoentertainment #durefishansaleem #harpalgeo #nabeelzuberi #mahnoor #hassannoman #mahenurhaider #durefishan #fuchsiamagazine #fuchsiaepaper #khudaaurmohabbat #trending",218,"03/14/2024 05:03",N/A,https://www.facebook.com/hu.4113/posts/pfbid0RpdVTVVCMvsqsp3LkXhXm3NFmeBMPxMeEWMBUJrRRf8LL5DwGdtZ1T1nbmpKZ71vl,0,0,Video,,,,,Lifetime,116,107,8,5,0,3,1011.941,11.37,0,0,0,5,5,116,0,107,0,37,2,34,2,37,0,11,0,0,,,,,,,,,,,,,,,,,,,,,,,,,,,,,,,,,,,,,,,,,,,,,,,94,,,,,,
122128399352198697,247903501729335,HU.co,,"KHAIE Coming Episode Promo 
#khaie #faysalquraishi #hinabayat #uzmahassan #osamatahir #sabafaisal #noorulhassan #shujaasad #lailawasti #saqlainabbas #geotv #syedwajahathussain #asadqureshi #abdullahkadwani #thskyentertainment #javedjamal #shamylkhan #khalidbutt #geoentertainment #durefishansaleem #harpalgeo #nabeelzuberi #mahnoor #hassannoman #mahenurhaider #durefishan #fuchsiamagazine #fuchsiaepaper #khudaaurmohabbat #trending",50,"03/14/2024 07:03",N/A,https://www.facebook.com/hu.4113/posts/pfbid025GGnXYPezVAAnWxWciKjMSmJ3k95UhL4q65jNtfQi7o3NG5d9vhjuNm9YtbT1txDl,0,0,Video,,,,,Lifetime,106,95,6,6,0,0,1108.383,10.974,0,0,0,5,5,106,0,95,0,41,0,37,0,41,0,9,0,0,,,,,,,,,,,,,,,,,,,,,,,,,,,,,,,,,,,,,,,,,,,,,,,106,,,,,,
122128555424198697,247903501729335,HU.co,,"Like, Follow & Share.

#islamic #islamdaily #madinah #tawbah  #quranic #DeenDaily #deen #ummah ##quranquotes #quran #islam",34,"03/14/2024 19:03",N/A,https://www.facebook.com/hu.4113/posts/pfbid038M3ni5zZJUiQCJ7Fek8wZMUKVzL7UhN4z94zAvyTuingfdC7CqKjuhQ9iH7mEu6zl,0,0,"FB reel",,,,,Lifetime,48,41,6,5,1,0,296.084,8.708,,,0,0,,48,0,41,0,,,,,11,0,,,,,,,,,,,,,,,,,,,,,,,,,,,,,,,,,,,,,,,,,,,,,,,,,,43,,,,,,
122128576850198697,247903501729335,HU.co,,"Like, Follow & Share.

#islamic #islamdaily #madinah #tawbah  #quranic #DeenDaily #deen #ummah ##quranquotes #quran #islam",34,"03/14/2024 21:03",N/A,https://www.facebook.com/hu.4113/posts/pfbid0HtrbHVh7mRSdSq31DvC4muBRy8wA3rwWzX881sHNnJKwq758DgXe41Dt1mwwSMjUl,0,0,"FB reel",,,,,Lifetime,38,28,5,4,1,0,166.223,6.648,,,0,0,,38,0,28,0,,,,,9,0,,,,,,,,,,,,,,,,,,,,,,,,,,,,,,,,,,,,,,,,,,,,,,,,,,28,,,,,,
122128600268198697,247903501729335,HU.co,,"#reels #reelsviralfb #reelsinstagram #reelsfypã‚·fb #shorts #shortreels #trending #quranquotes",15,"03/14/2024 23:03",N/A,https://www.facebook.com/hu.4113/posts/pfbid02xqY9Ycah2tioLtxy7VSBgyFsNV46iH1K4idnnMwzQDCEU1CSDvAHxCvmfwEDtJ8zl,0,0,"FB reel",,,,,Lifetime,336,328,38,36,1,1,1006.928,3.828,,,0,0,,336,0,328,0,,,,,85,0,,,,,,,,,,,,,,,,,,,,,,,,,,,,,,,,,,,,,,,,,,,,,,,,,,291,,,,,,
122128618802198697,247903501729335,HU.co,,"Like, Follow & Share.

#islamic #islamdaily #madinah #tawbah  #quranic #DeenDaily #deen #ummah ##quranquotes #quran #islam",21,"03/15/2024 00:03",N/A,https://www.facebook.com/hu.4113/posts/pfbid02tX1XPhDhMTY1jfkjxkwQhcrWFotn77VoUL9r3KUfzxF1Pt3GG7cTxBuaDCKPgoebl,0,0,"FB reel",,,,,Lifetime,55,47,8,7,1,0,186.185,4.432,,,0,0,,55,0,47,0,,,,,14,0,,,,,,,,,,,,,,,,,,,,,,,,,,,,,,,,,,,,,,,,,,,,,,,,,,46,,,,,,
122128667276198697,247903501729335,HU.co,,"Very Filmy
#humtv #pakistan #dananeer  #BushraAnsari  #pakistanidrama  #pakistanicelebrities 
#humtvdramas #AliSafina  #SalmaHassan",87,"03/15/2024 03:03",N/A,https://www.facebook.com/hu.4113/posts/pfbid02Es2VVyfofCPJwtKaodjvVc9HSU7hxRK4vyahE6Z97HhE39Digew7JEnfY1nyem91l,0,0,Video,,,,,Lifetime,96,87,4,4,0,0,1071.658,18.801,0,0,0,3,3,96,0,87,0,22,5,17,4,22,0,7,0,0,,,,,,,,,,,,,,,,,,,,,,,,,,,,,,,,,,,,,,,,,,,,,,,69,,,,,,
122128715666198697,247903501729335,HU.co,,"Very Filmy
#humtv #pakistan #dananeer  #BushraAnsari  #pakistanidrama  #pakistanicelebrities 
#humtvdramas #AliSafina  #SalmaHassan",206,"03/15/2024 07:03",N/A,https://www.facebook.com/hu.4113/posts/pfbid027GUMqBRrmzkSyhZk4vVqYuJtyvmRnmCpVBzvDTpwtHv8RMSF7Q3kfiPG7MVroSSgl,0,0,Video,,,,,Lifetime,67,56,14,6,0,8,1108.228,14.976,0,0,0,1,1,67,0,56,0,35,5,23,5,35,0,7,0,0,,,,,,,,,,,,,,,,,,,,,,,,,,,,,,,,,,,,,,,,,,,,,,,88,,,,,,
122129314316198697,247903501729335,HU.co,,"Like, Follow & Share.
#reels #reelsviralfb #reelsinstagram #reelsfypã‚·fb #shorts #shortreels #trending #quranquotes",34,"03/16/2024 23:03",N/A,https://www.facebook.com/hu.4113/posts/pfbid02w4E1Qtbto6kVv6pZTcGq3iMswK71CeRXXZWAuUr17kiDNCRdpXXGdeM3mSNhumz2l,0,0,"FB reel",,,,,Lifetime,83,74,9,5,1,3,716.82,9.19,,,0,0,,83,0,74,0,,,,,32,0,,,,,,,,,,,,,,,,,,,,,,,,,,,,,,,,,,,,,,,,,,,,,,,,,,94,,,,,,
122129399006198697,247903501729335,HU.co,,"#reels #reelsviralfb #reelsinstagram #reelsfypã‚·fb #shorts #shortreels #trending #quranquotes",37,"03/17/2024 04:03",N/A,https://www.facebook.com/hu.4113/posts/pfbid08AgAHH6HyE4PR3wzqCFNWU8wc1QkpJMTNPHCHJDHwBPFuiQkUdAsEFh2ir4Fe37vl,0,0,"FB reel",,,,,Lifetime,117,107,12,9,1,2,661.89,8.171,,,0,0,,117,0,107,0,,,,,27,0,,,,,,,,,,,,,,,,,,,,,,,,,,,,,,,,,,,,,,,,,,,,,,,,,,93,,,,,,
122129464670198697,247903501729335,HU.co,,"#reels #reelsviralfb #reelsinstagram #reelsfypã‚·fb #shorts #shortreels #trending #quranquotes",15,"03/17/2024 07:03",N/A,https://www.facebook.com/hu.4113/posts/pfbid04raJVYsd8M5qVVeeXfZxjRYLm9qmMT1MCdLVPvGEGs73tBq4a5tnyVqS4sY53Bkbl,0,0,"FB reel",,,,,Lifetime,295,292,37,33,0,4,1289.29,5.241,,,0,0,,295,0,292,0,,,,,91,0,,,,,,,,,,,,,,,,,,,,,,,,,,,,,,,,,,,,,,,,,,,,,,,,,,293,,,,,,
122129682410198697,247903501729335,HU.co,,"ISHQ MURSHID
#ishqmurshid #humtv #bilalabbaskhan #moomalentertainment #farooqrind #durefishansaleem #excitement  #bilalabbas  #humtvdramas #comingsoon #psu #trending2024
#reelsvideoã‚· #reelsviralfb #trendingvideos #trendingposts",273,"03/17/2024 23:03",auto,https://www.facebook.com/hu.4113/posts/pfbid037zjdWPcUd5ue4yhfvtcLcLaB3pCeRnAGVV71pJepet5Ck6Ha1zi4K8k6opifjGktl,0,0,Video,,,,,Lifetime,137,126,14,7,1,6,3351.966,31.036,0,0,0,9,9,137,0,126,0,52,13,45,11,52,0,11,0,0,,,,,,,,,,,,,,,,,,,,,,,,,,,,,,,,,,,,,,,,,,,,,,,120,,,,,,
122129774504198697,247903501729335,HU.co,,"KHAIE
#khaie #faysalquraishi #hinabayat #uzmahassan #osamatahir #sabafaisal #noorulhassan #shujaasad #lailawasti #saqlainabbas #geotv #syedwajahathussain #asadqureshi #abdullahkadwani #thskyentertainment #javedjamal #shamylkhan #khalidbutt #geoentertainment #durefishansaleem #harpalgeo #nabeelzuberi #mahnoor #hassannoman #mahenurhaider #durefishan #fuchsiamagazine #fuchsiaepaper #khudaaurmohabbat #trending",278,"03/18/2024 06:03",N/A,https://www.facebook.com/hu.4113/posts/pfbid0UwbEmK5kfkSSFKF76yPAaUkU1w2rzciWUp3ixWjYgFAfgkR1iXHPzUP1SSM7Qpkrl,0,0,Video,,,,,Lifetime,72,62,5,5,0,0,348.976,6.231,0,0,0,0,,72,0,62,0,33,0,28,0,33,0,5,0,0,,,,,,,,,,,,,,,,,,,,,,,,,,,,,,,,,,,,,,,,,,,,,,,58,,,,,,
122129822312198697,247903501729335,HU.co,,"Very Filmy
#humtv #pakistan #dananeer  #BushraAnsari  #pakistanidrama  #pakistanicelebrities 
#humtvdramas #AliSafina  #SalmaHassan 
#reelsvideoã‚· #reelsviralfb #trendingposts #trending #drama #dramaqueen",205,"03/18/2024 09:03",N/A,https://www.facebook.com/hu.4113/posts/pfbid0WNvDqwwo1q8XyRvya7XcnAiwVxyjPyNBWGZmhsEx8LzjS8EJBgb4Xpf68fN2a8DPl,0,0,Video,,,,,Lifetime,70,61,5,5,0,0,536.812,10.525,0,0,0,1,1,70,0,61,0,22,1,16,1,22,0,6,0,0,,,,,,,,,,,,,,,,,,,,,,,,,,,,,,,,,,,,,,,,,,,,,,,54,,,,,,
122130361676198697,247903501729335,HU.co,,"#reels #reelsviralfb #reelsinstagram #reelsfypã‚·fb #shorts #shortreels #trending",29,"03/20/2024 04:03",N/A,https://www.facebook.com/hu.4113/posts/pfbid04V4VWrq85WnTJ3UCT4sVABKqhV84tr2huep6534TXVgDs4zZArtUMkvgpz6vKec4l,0,0,"FB reel",,,,,Lifetime,267,256,26,20,3,3,3585.585,10.423,,,0,0,,267,0,256,0,,,,,218,0,,,,,,,,,,,,,,,,,,,,,,,,,,,,,,,,,,,,,,,,,,,,,,,,,,392,,,,,,
122130377594198697,247903501729335,HU.co,,"KHAIE
#khaie #faysalquraishi #hinabayat #uzmahassan #osamatahir #sabafaisal #noorulhassan #shujaasad #lailawasti #saqlainabbas #geotv #syedwajahathussain #asadqureshi #abdullahkadwani #thskyentertainment #javedjamal #shamylkhan #khalidbutt #geoentertainment #durefishansaleem #harpalgeo #nabeelzuberi #mahnoor #hassannoman #mahenurhaider #durefishan #fuchsiamagazine #fuchsiaepaper #khudaaurmohabbat #trending",290,"03/20/2024 05:03",N/A,https://www.facebook.com/hu.4113/posts/pfbid0P1oDhKBEAKHypA4Jrw6vZ3fXG8WGe6R9aQYxH58m8uo1AcXidhgfg7u1t8Dy4ZoEl,0,0,Video,,,,,Lifetime,78,70,7,6,0,1,573.27,8.819,0,0,0,3,3,78,0,70,0,30,2,27,2,30,0,9,0,0,,,,,,,,,,,,,,,,,,,,,,,,,,,,,,,,,,,,,,,,,,,,,,,76,,,,,,
122130752984198697,247903501729335,HU.co,,"Very Filmy
#humtv #pakistan #dananeer  #BushraAnsari  #pakistanidrama  #pakistanicelebrities 
#humtvdramas #AliSafina  #SalmaHassan 
#reelsvideoã‚· #reelsviralfb #trendingposts #trending #drama #dramaqueen",142,"03/21/2024 07:03",auto,https://www.facebook.com/hu.4113/posts/pfbid02caYdx7PUhweR26MEiKsB6DeHwQcv7cAyc3yEcQupgbDjsjSKMZcu5PECBnQeQMEAl,0,0,Video,,,,,Lifetime,94,85,7,7,0,0,361.793,5.168,0,0,0,1,1,94,0,85,0,26,1,24,1,26,0,8,0,0,,,,,,,,,,,,,,,,,,,,,,,,,,,,,,,,,,,,,,,,,,,,,,,75,,,,,,
122130795428198697,247903501729335,HU.co,,"Very Filmy
#humtv #pakistan #dananeer  #BushraAnsari  #pakistanidrama  #pakistanicelebrities 
#humtvdramas #AliSafina  #SalmaHassan 
#reelsvideoã‚· #reelsviralfb #trendingposts #trending #drama #dramaqueen",184,"03/21/2024 11:03",N/A,https://www.facebook.com/hu.4113/posts/pfbid02yxWzKCebR4Am3vCYkCjz1GHFc4rqQ4kRy7JtqU6bqfEhxhxU5Kmrjs2ZX6C4VFG2l,0,0,Video,,,,,Lifetime,71,61,8,6,2,0,949.897,8.332,0,0,0,0,,71,0,61,0,46,4,36,4,46,0,8,0,0,,,,,,,,,,,,,,,,,,,,,,,,,,,,,,,,,,,,,,,,,,,,,,,128,,,,,,
122130982298198697,247903501729335,HU.co,,"Jumma Mubarak ðŸ’šâœ¨
Ramadan Kareem Second Ashra
.
.
.
.
.
.
.
.
#reels #reelsviralfb #reelsinstagram #reelsfypã‚·fb #shorts #shortreels #trending #quranquotes #JummahMubarak #jummahmubarak2024 #doa #reel #reelsinstagramðŸ˜ #reelsinstagramâ¤ï¸ðŸ’¯ #shorts #viralreels #Ä±nstagramreels",60,"03/21/2024 22:03",N/A,https://www.facebook.com/hu.4113/posts/pfbid0TUxF6FARBZofeNWkyrJqWupfDyMAsHAEwMGGRRXyjgGTDSvACqqxhGCKEMPDmx9tl,0,0,"FB reel",,,,,Lifetime,305,294,29,28,0,1,1293.336,5.173,,,0,0,,305,0,294,0,,,,,79,0,,,,,,,,,,,,,,,,,,,,,,,,,,,,,,,,,,,,,,,,,,,,,,,,,,267,,,,,,
122131570664198697,247903501729335,HU.co,,"Very Filmy.

#HUMTV",145,"03/23/2024 08:03",N/A,https://www.facebook.com/hu.4113/posts/pfbid0Jp3KGxcG3Sn4AsVmTn1A2e3Krgovw6jJpkcFHAp3ufHWT9dUz2PyqiDrZRPDRWCFl,0,0,Video,,,,,Lifetime,260,249,13,6,0,7,1011.104,4.724,0,0,0,2,2,260,0,249,0,76,1,66,1,76,0,8,0,0,,,,,,,,,,,,,,,,,,,,,,,,,,,,,,,,,,,,,,,,,,,,,,,226,,,,,,
122131620470198697,247903501729335,HU.co,,"Very Filmy.
#HUMTV",143,"03/23/2024 12:03",N/A,https://www.facebook.com/hu.4113/posts/pfbid0CuzeLCn8PVC35YBddfDhyzmq2cCSE8bYCeg5NP3TtUhRiPLdWbejPRN1eQdGzw1Bl,0,0,Video,,,,,Lifetime,62,57,4,4,0,0,130.066,3.422,0,0,0,0,,62,0,57,0,10,0,9,0,10,0,4,0,0,,,,,,,,,,,,,,,,,,,,,,,,,,,,,,,,,,,,,,,,,,,,,,,39,,,,,,
122131817240198697,247903501729335,HU.co,,"#funnyreelsvideo #funnypost",15,"03/24/2024 00:03",N/A,https://www.facebook.com/hu.4113/posts/pfbid02ZuMkz7ujVZxh8q3R2XymgU7nhpnEDZi45fgCKXs8gBAtGm92YLYC7rdzPffswnq7l,0,0,"FB reel",,,,,Lifetime,165,157,3,2,1,0,932.033,6.427,,,0,0,,165,0,157,0,,,,,57,0,,,,,,,,,,,,,,,,,,,,,,,,,,,,,,,,,,,,,,,,,,,,,,,,,,178,,,,,,
122131928450198697,247903501729335,HU.co,,"#quranquotes #islamicreels #islamicstatus",49,"03/24/2024 07:03",N/A,https://www.facebook.com/hu.4113/posts/pfbid02cC3o6MuuTnFwpsbbPhYopjPwere1HPYWHWgGG8dRUYV8HmfyGJjQnrobB4pNV2eal,0,0,"FB reel",,,,,Lifetime,99,92,12,9,2,1,394.726,4.589,,,0,0,,99,0,92,0,,,,,23,0,,,,,,,,,,,,,,,,,,,,,,,,,,,,,,,,,,,,,,,,,,,,,,,,,,94,,,,,,
122132025884198697,247903501729335,HU.co,,"#quranquotes #islamicreels #islamicstatus",15,"03/24/2024 11:03",N/A,https://www.facebook.com/hu.4113/posts/pfbid02qKgQmmS9ujz624EY6zSeTP877ZA5DCbEAp5qeeKANd2GUC4tymaTX6NwoKSCZhy2l,0,0,"FB reel",,,,,Lifetime,133,127,7,5,2,0,426.676,3.775,,,0,0,,133,0,127,0,,,,,33,0,,,,,,,,,,,,,,,,,,,,,,,,,,,,,,,,,,,,,,,,,,,,,,,,,,129,,,,,,
122132577056198697,247903501729335,HU.co,,"Very Filmy.
#HUMTV",133,"03/25/2024 22:03",N/A,https://www.facebook.com/hu.4113/posts/pfbid02uGusHAd6ZMmxPuxcNkJ1AjTfJGi866xY88UGiBKs9wYSqQ4L9iGMs4T1VoCJiTnel,0,0,Video,,,,,Lifetime,110,104,4,4,0,0,794.272,11.031,0,0,0,5,5,110,0,104,0,40,4,37,4,40,0,8,0,0,,,,,,,,,,,,,,,,,,,,,,,,,,,,,,,,,,,,,,,,,,,,,,,76,,,,,,
122132732894198697,247903501729335,HU.co,,"KHAEI
##GeoTV #trendingvideos",205,"03/26/2024 07:03",N/A,https://www.facebook.com/hu.4113/posts/pfbid033CFUnpgH83rrnZW1erc55Sx5r8wjc4RxcuMi9288b4m5fT3ELMtYofVcLko9ASCYl,0,0,Video,,,,,Lifetime,86,77,3,3,0,0,1619.804,7.713,0,0,0,3,3,86,0,77,0,82,3,79,3,82,0,5,0,0,,,,,,,,,,,,,,,,,,,,,,,,,,,,,,,,,,,,,,,,,,,,,,,233,,,,,,
122132789762198697,247903501729335,HU.co,,"KHAEI
#GeoTV #trendingvideos",180,"03/26/2024 10:03",N/A,https://www.facebook.com/hu.4113/posts/pfbid024hQCJYDVZ56wgyDpwmLrnzsYkNnBUg3Dq24Yqo9nUcbTbkGid7dDE2LniWAUAvSBl,0,0,Video,,,,,Lifetime,193,184,9,4,0,5,3954.194,12.166,0,0,0,6,6,193,0,184,0,195,14,179,13,195,0,8,0,0,63,18,10,48,21,3,7,11,2,,2,,176,5,,1,,1,,1,4,,2,,,,,,,,,,,,,,,,1,,3,,,,,,355,,,,1,,
122133067364198697,247903501729335,HU.co,,"KHAEI
#GeoTV #trendingvideos #DureFishan #FaisalQureshi",263,"03/27/2024 05:03",N/A,https://www.facebook.com/hu.4113/posts/pfbid0D9eRBY7xSAH9UwK5cwAhoYNTNmFgMRPLTnZ3qDeZ4GKNRJE5ofUiJ7i69BqYohLhl,0,0,Video,,,,,Lifetime,74,63,5,5,0,0,5938.423,25.377,0,0,0,0,,74,0,63,0,150,22,139,22,150,0,5,0,0,51,22,14,38,12,,3,2,,1,1,,144,,,,,,,,,,3,,,,,,,,1,,,,,,,,1,,1,,,,,,266,,,,,,
122133146354198697,247903501729335,HU.co,,"KHAEI
#GeoTV #trendingvideos #DureFishan #FaisalQureshi",267,"03/27/2024 10:03",N/A,https://www.facebook.com/hu.4113/posts/pfbid02pX3iKEAPVrVRahNZR7c3CHLSAJQRsj5SYSJrEixi6XTibAUsftGKPNAo1KMu1DVul,0,0,Video,,,,,Lifetime,74,63,7,7,0,0,3111.364,20.203,0,0,0,0,,74,0,63,0,106,11,96,11,106,0,4,0,0,,,,,,,,,,,,,,,,,,,,,,,,,,,,,,,,,,,,,,,,,,,,,,,191,,,,,,
122133349388198697,247903501729335,HU.co,,"#quranquotes #islamicreels #islamicstatus",31,"03/28/2024 00:03",N/A,https://www.facebook.com/hu.4113/posts/pfbid02KBE6548NiQVkfQkA5W6iXMazWGa8F4fzJZFC8U1k34WKjZH93Wvr2C6rtKwC1jtNl,0,0,"FB reel",,,,,Lifetime,54,49,7,7,0,0,468.987,8.684,,,0,0,,54,0,49,0,,,,,20,0,,,,,,,,,,,,,,,,,,,,,,,,,,,,,,,,,,,,,,,,,,,,,,,,,,63,,,,,,
122133478076198697,247903501729335,HU.co,,"#quranquotes #islamicreels #islamicstatus",35,"03/28/2024 07:03",N/A,https://www.facebook.com/hu.4113/posts/pfbid02sNW1GGawyjVyDthgMTZJpQJmC9Uz6R2QM2Jsya6V92DZTVZqsTk656eYiTyTMMhHl,0,0,"FB reel",,,,,Lifetime,118,113,15,14,0,1,953.659,9.349,,,0,0,,118,0,113,0,,,,,39,0,,,,,,,,,,,,,,,,,,,,,,,,,,,,,,,,,,,,,,,,,,,,,,,,,,117,,,,,,
122133562364198697,247903501729335,HU.co,,"#quranquotes #islamicreels #islamicstatus",20,"03/28/2024 11:03",N/A,https://www.facebook.com/hu.4113/posts/pfbid037nisQ6bGW2XKTL1dZTWsBSWi3vSda9s42okhrAtHhN9pCJ8MzzSWDDXXoeXAEw1Xl,0,0,"FB reel",,,,,Lifetime,148,143,21,21,0,0,598.911,4.607,,,0,0,,148,0,143,0,,,,,45,0,,,,,,,,,,,,,,,,,,,,,,,,,,,,,,,,,,,,,,,,,,,,,,,,,,144,,,,,,
122133704768198697,247903501729335,HU.co,,"JUMMAR MUBARAK ðŸ’šâœ¨ðŸ¥°
.
.
Like, share & Follow.
#islamicqoutes #naat #islamicstatus #quranquotes #JummahMubarak #jummahmubarak2024",12,"03/28/2024 23:03",N/A,https://www.facebook.com/hu.4113/posts/pfbid0Yw7iJy7xp5CbbhU2eJmYRAfyt6fQ3U1FYh8mcGWRELqXmjM2RGddHXt2Ka5eoyY2l,0,0,"FB reel",,,,,Lifetime,56,50,4,4,0,0,199.742,3.504,,,0,0,,56,0,50,0,,,,,13,0,,,,,,,,,,,,,,,,,,,,,,,,,,,,,,,,,,,,,,,,,,,,,,,,,,64,,,,,,
122133838760198697,247903501729335,HU.co,,"#quranquotes #islamicreels #islamicstatus",25,"03/29/2024 07:03",N/A,https://www.facebook.com/hu.4113/posts/pfbid0zKNsu8hiATndaLUoP9SRktgqUAUiK8yrwjq31ycByeWJzNxNGYjJjoRuBBJLojpml,0,0,"FB reel",,,,,Lifetime,73,68,11,11,0,0,273.178,4.336,,,0,0,,73,0,68,0,,,,,23,0,,,,,,,,,,,,,,,,,,,,,,,,,,,,,,,,,,,,,,,,,,,,,,,,,,69,,,,,,
122133916442198697,247903501729335,HU.co,,"#quranquotes #islamicreels #islamicstatus",22,"03/29/2024 11:03",N/A,https://www.facebook.com/hu.4113/posts/pfbid037U3iwSXokeu7sPBfSNnufXWRh2es7tw5v18ohY5m9jEfaX6Pq8rnFEdMzcZ6Ac3Ml,0,0,"FB reel",,,,,Lifetime,199,193,25,25,0,0,1565.427,8.648,,,0,0,,199,0,193,0,,,,,52,0,,,,,,,,,,,,,,,,,,,,,,,,,,,,,,,,,,,,,,,,,,,,,,,,,,202,,,,,,
122134100366198697,247903501729335,HU.co,,"#quranquotes #islamicreels #islamicstatus",43,"03/29/2024 23:03",N/A,https://www.facebook.com/hu.4113/posts/pfbid0o7o8yfYEDn7B9yWHEFUThDc7FK5kCC4edQPUsT8jnAz6kqF4NSsYcRJrovZhqB3Al,0,0,"FB reel",,,,,Lifetime,83,79,10,10,0,0,313.577,4.237,,,0,0,,83,0,79,0,,,,,19,0,,,,,,,,,,,,,,,,,,,,,,,,,,,,,,,,,,,,,,,,,,,,,,,,,,80,,,,,,
122134116902198697,247903501729335,HU.co,,"KHAEI
#GeoTV #trendingvideos #DureFishan #FaisalQureshi",133,"03/30/2024 00:03",N/A,https://www.facebook.com/hu.4113/posts/pfbid02YFh35pQG5j19K9Po72t4qKDWivsi7ndDV7X5chVnU7CQj7oLakWVsPde39s94imrl,0,0,Video,,,,,Lifetime,69,62,5,5,0,0,1155.415,14.813,0,0,0,0,,69,0,62,0,30,8,25,8,30,0,5,0,0,,,,,,,,,,,,,,,,,,,,,,,,,,,,,,,,,,,,,,,,,,,,,,,96,,,,,,
122134253162198697,247903501729335,HU.co,,"KHAEI 2nd Last.
#GeoTV #trendingvideos #DureFishan #FaisalQureshi",285,"03/30/2024 08:03",N/A,https://www.facebook.com/hu.4113/posts/pfbid02GL6oGcy923ffGJLcvuKQvUHnHGvoCG5q1sqzqEyzjkQHcXNxaaRipZMGCakBW2yul,0,0,Video,,,,,Lifetime,116,107,12,8,0,4,4069.966,26.953,0,0,0,3,3,116,0,107,0,85,15,74,15,85,0,10,0,0,,,,,,,,,,,,,,,,,,,,,,,,,,,,,,,,,,,,,,,,,,,,,,,180,,,,,,
122134254578198697,247903501729335,HU.co,,"KHAEI drama ka end kaisa raha, comment main batain sab.
.
.
.
.
.
.
#GeoTV #trendingvideos #DureFishan #FaisalQureshi #post #comments #question #trendingposts#trendingpost2024",0,"03/30/2024 08:03",N/A,https://www.facebook.com/hu.4113/posts/pfbid02365JdKD3ANQBMZzJ2ZzgBcZPp7kB36zwCQ5zEwvLPkXUedrHo1KjkkZYiJaaaUcl,0,0,Photo,,,,,Lifetime,266,261,9,5,4,0,,,,,,8,4,266,0,261,0,0,0,0,0,0,0,11,0,0,,,,,,,,,,,,,,,,,,,,,,,,,,,,,,,,,,,,,,,,,,,,,,4,,,,,,,
122134882592198697,247903501729335,HU.co,,"KHAEI 2nd Last Part#3
#GeoTV #trendingvideos #DureFishan #FaisalQureshi",230,"04/01/2024 06:04",N/A,https://www.facebook.com/hu.4113/posts/pfbid023pHo9gzy5Fuv14tXfMaF2Mxe8LrP59CJyMYV88cGDM1J8vDnNvjVGpD2UEsEUG7Xl,0,0,Video,,,,,Lifetime,50,44,6,6,0,0,2070.271,21.343,0,0,0,0,,50,0,44,0,59,8,51,8,59,0,6,0,0,,,,,,,,,,,,,,,,,,,,,,,,,,,,,,,,,,,,,,,,,,,,,,,119,,,,,,
122134909520198697,247903501729335,HU.co,,"Like, share & Follow Please ðŸ¥°
.
.
.
.
.
#reel #reelsinstagramðŸ˜ #reelsinstagramâ¤ï¸ðŸ’¯ #shorts #viralreels #Ä±nstagramreels 
#quranquotes #islamicreels #islamicstatus #reelsfb #reelsvideoã‚· #fypã‚·viralã‚·2024 #fypã‚· #fypã‚·ã‚šviralã‚·",37,"04/01/2024 08:04",N/A,https://www.facebook.com/hu.4113/posts/pfbid02ZbzbgfGU3W6Ai1xYqa6sLwLu65EpyLkKbbW822rV3emCxWF6x31sTWcmU1UNpgLZl,0,0,"FB reel",,,,,Lifetime,48,43,7,7,0,0,175.159,4.734,,,0,0,,48,0,43,0,,,,,12,0,,,,,,,,,,,,,,,,,,,,,,,,,,,,,,,,,,,,,,,,,,,,,,,,,,41,,,,,,
122135086358198697,247903501729335,HU.co,,"Kya Shaheed Afridi Ki Retirement Ka Faisla Thek Hai, 
Comment Mein Batain Sab.
.
.
.
.
.
.

#T20WorldCup2024 #WC2024 #shaheenafridi #ShaheenShahAfridi #retirement #post #comments #question #trendingposts      #trendingpost2024",0,"04/01/2024 23:04",N/A,https://www.facebook.com/hu.4113/posts/pfbid034W3Mb1BfjPz7RczqSqhb6vKAPVBkbhQHwWo7gMMnHzmgnZ5zwSEjvavAXwi7D61Kl,0,0,Photo,,,,,Lifetime,174,166,6,3,3,0,,,,,,7,7,174,0,166,0,0,0,0,0,0,0,7,0,0,,,,,,,,,,,,,,,,,,,,,,,,,,,,,,,,,,,,,,,,,,,,,,,,,,,,,
122135235404198697,247903501729335,HU.co,,"KHAEI Last Part#1
#GeoTV #trendingvideos #DureFishan #FaisalQureshi",225,"04/02/2024 07:04",N/A,https://www.facebook.com/hu.4113/posts/pfbid02tVGChgnQLj91oU7Ecg1xktJggxzVFYSuhDWxaYYTsnkNhhdzsmQoAzDDiy51Gsfgl,0,0,Video,,,,,Lifetime,117,105,11,7,0,4,4293.094,21.792,0,0,0,2,2,117,0,105,0,137,21,116,21,137,0,9,0,0,45,7,4,32,22,4,11,4,,2,,,127,4,,,,,,,,,1,,,,,,,,,,,,,,,,,,4,,,,,,234,,1,,,,
122135237732198697,247903501729335,HU.co,,"#reel #reelsinstagram  #reelsinstagramreelsinstagram  #shorts #viralreels #Ä±nstagramreels
#quranquotes #islamicreels #islamicstatus #reelsfb #reelsvideoã‚· #fypã‚·viralã‚·2024 #fypã‚· #fypã‚·ã‚šviralã‚·",56,"04/02/2024 07:04",N/A,https://www.facebook.com/hu.4113/posts/pfbid02o7MiYPysEp2cTE8CT4xrWXUzPGY1o5Y2D3Fwdfa8QNzSNugT9mHsMSPLpDP5yZhBl,0,0,"FB reel",,,,,Lifetime,159,150,17,15,0,2,664.925,5.037,,,0,0,,159,0,150,0,,,,,32,0,,,,,,,,,,,,,,,,,,,,,,,,,,,,,,,,,,,,,,,,,,,,,,,,,,138,,,,,,
122135275142198697,247903501729335,HU.co,,"#funnyreelsvideo #funnypost",12,"04/02/2024 10:04",N/A,https://www.facebook.com/hu.4113/posts/pfbid029Lvy4iuGmVp5Eq7KqyFyNJjtsVCmX62dQpaSZY3kE5WBPnMD1fjA5y1kjbRKYXNGl,0,0,"FB reel",,,,,Lifetime,87,77,2,2,0,0,358.764,5.275,,,0,0,,87,0,77,0,,,,,18,0,,,,,,,,,,,,,,,,,,,,,,,,,,,,,,,,,,,,,,,,,,,,,,,,,,85,,,,,,
122135474648198697,247903501729335,HU.co,,"#funnyreelsvideo #funnypost",26,"04/03/2024 00:04",N/A,https://www.facebook.com/hu.4113/posts/pfbid02kifMFUkHtSPBc1Gn21EQLVk7JS26u2DRcVFMskBwKgyELiKcMtZZUKM1KGgXozqtl,0,0,"FB reel",,,,,Lifetime,32,21,2,2,0,0,57.262,2.29,,,0,0,,32,0,21,0,,,,,6,0,,,,,,,,,,,,,,,,,,,,,,,,,,,,,,,,,,,,,,,,,,,,,,,,,,25,,,,,,
122135578292198697,247903501729335,HU.co,,"KHAEI Last Part#2
#GeoTV #trendingvideos #DureFishan #FaisalQureshi",279,"04/03/2024 07:04",N/A,https://www.facebook.com/hu.4113/posts/pfbid0yZNCdTYY2qqhT7cx3apWVRTQrZPr1LdedruwkjepFg3HNBMzZ23XLCsBzMfn8MuZl,0,0,Video,,,,,Lifetime,117,102,10,6,0,4,4875.703,24.624,0,0,0,2,2,117,0,102,0,106,16,92,16,106,0,7,0,0,,,,,,,,,,,,,,,,,,,,,,,,,,,,,,,,,,,,,,,,,,,,,,,244,,,,,,
122136144014198697,247903501729335,HU.co,,"Jumma Mubarak ðŸ’šðŸ’š
Allah Pak sabke Gunnah maaf kere, Ameen.
.
.
.
.
.
.
.
.
.

#reels #reelsinstagram #reelviralfb #reelsfypã‚·fb #shorts #shortreels #trending #islamicquotes #quranquotes #jummahmubarak2024",15,"04/05/2024 02:04",N/A,https://www.facebook.com/hu.4113/posts/pfbid0Kks5ShV85sbdn8KkVBVS8RnuAKLVVvtTj7yGHxfQAgUpHsuXwAsxANLrSVfDodxml,0,0,"FB reel",,,,,Lifetime,139,128,17,15,2,0,412.473,3.495,,,0,0,,139,0,128,0,,,,,37,0,,,,,,,,,,,,,,,,,,,,,,,,,,,,,,,,,,,,,,,,,,,,,,,,,,130,,,,,,
122136220172198697,247903501729335,HU.co,,"KHAEI Last Part#4
#GeoTV #trendingvideos #DureFishan #FaisalQureshi",285,"04/05/2024 07:04",N/A,https://www.facebook.com/hu.4113/posts/pfbid0Drvjt9QmMhFsjZfYi8UkUZ7UtQNcU8xtykgSRKr13LBDyLEh3LKqcWnDs536afMsl,0,0,Video,,,,,Lifetime,230,212,15,8,0,7,10019.408,38.096,0,0,0,14,14,230,0,212,0,166,36,144,35,166,0,19,0,0,46,9,9,40,23,5,12,6,2,2,,,150,8,,,,,,,2,,1,,,,,,1,,,,,,,,,,,,2,1,,,,,308,,,,1,,
122137949180198697,247903501729335,HU.co,,"Hu.co ki teraf se Eid Mubarak sabko â¤ï¸âœ¨ðŸŒ™
.
.
.
.
.
.
.
.
.
.
.
#bismillah
#reels #eid #eidmubarak #chand
#muslimreminder #muslimcouple #muslimreels #muslim #islam #explorepageâœ¨ #aesthetic #madinah #eidgift #eidcollection #instamuslim #mashallah #alhamdulillah #allahakbar #instislam #loveislove #instagood #dua #deen #reelsinstgram #dream #trending #viralreels #viralvideos #reelsinstagram",35,"04/09/2024 20:04",N/A,https://www.facebook.com/hu.4113/posts/pfbid031fa7xFqHHUGZNZtekvKsamQGaZif7EjB8sQbhjRs77kCGrYATr1UpdkmuF4Nst59l,0,0,"FB reel",,,,,Lifetime,166,154,15,12,2,1,599.49,4.251,,,0,0,,166,0,154,0,,,,,30,0,,,,,,,,,,,,,,,,,,,,,,,,,,,,,,,,,,,,,,,,,,,,,,,,,,153,,,,,,
122142487022198697,247903501729335,HU.co,,"Insane MachineryðŸ˜³.
Like, follow & share.
.
.
.
.
.
.
.
.
.
.
#reels #reelsinstagramðŸ˜ #reelsinstagram #instagramreel #instagramvideo #instagram #viral #viralfacts #amazingfacts #trending #fypviralã‚· #fypã‚·ã‚šviralã‚· #fypã‚·viralã‚·2024 #fbreelsvideo #fbreelsfypã‚·ã‚šviral #fbpost2024 #viralreels #explorepage #reelsinstgram #reelsinstagram
#Gadget #Facebookgadget #technology  #techgadgets #coolgadgets #techie  #gadgetshop #techgadget #techy #gadgetstore #engineering #travelgadgets #techworld #accessories #gadgetfreak",397,"04/22/2024 01:04",N/A,https://www.facebook.com/hu.4113/posts/pfbid0Cm9aKnePByry7g5FT8kzx3VWQTBkPwwYXsP3CBZRuPBJQJmKSnTuk7wjsiBTJHS5l,0,0,Video,,,,,Lifetime,64,60,3,3,0,0,1173.996,13.494,0,0,0,1,1,64,0,60,0,45,6,28,5,45,0,4,0,0,,,,,,,,,,,,,,,,,,,,,,,,,,,,,,,,,,,,,,,,,,,,,,,91,,,,,,
122142638294198697,247903501729335,HU.co,,"#reel #reelsinstagramðŸ˜ #reelsinstagramâ¤ï¸ðŸ’¯ #shorts #viralreels #Ä±nstagramreels 
#post #cr7 #FIFAWordcup2022",205,"04/22/2024 11:04",N/A,https://www.facebook.com/hu.4113/posts/pfbid02i8w9zPNBFWi7dapXfL5kxUYYBiMLM5zDvwkTLs13QA2S2bdsgp81BZcVvnErqkknl,0,0,Video,,,,,Lifetime,76,68,5,5,0,0,904.078,10.273,0,0,0,5,5,76,0,68,0,37,4,29,4,37,0,5,0,0,,,,,,,,,,,,,,,,,,,,,,,,,,,,,,,,,,,,,,,,,,,,,,,93,,,,,,
122142797156198697,247903501729335,HU.co,,"Insane Machinery ðŸ˜³
Like, follow & share.
.
.
.
.
.
.
.
.
.
.
#reels #reelsinstagram:heart_eyes: #reelsinstagram #instagramreel #instagramvideo #instagram #viral #viralfacts #amazingfacts #trending #fypviralã‚· #fypã‚·ã‚šviralã‚· #fypã‚·viralã‚·2024 #fbreelsvideo #fbreelsfypã‚·ã‚šviral #fbpost2024 #viralreels #explorepage #reelsinstgram #reelsinstagram
#Gadget #Facebookgadget #technology  #techgadgets #coolgadgets #techie  #gadgetshop #techgadget #techy #gadgetstore #engineering #travelgadgets #techworld #accessories #gadgetfreak",186,"04/23/2024 00:04",N/A,https://www.facebook.com/hu.4113/posts/pfbid02b7ae8SCpS85jJByjhX98WsfejyNqkdvg8ZJyVYwL7eVqS32hPnnEpLoKNwdwu1bkl,0,0,Video,,,,,Lifetime,65,57,3,3,0,0,1480.672,18.742,0,0,0,3,3,65,0,57,0,39,9,31,8,39,0,6,0,0,,,,,,,,,,,,,,,,,,,,,,,,,,,,,,,,,,,,,,,,,,,,,,,88,,,,,,
122115215132198697,247903501729335,HU.co,,"KHAIE 
#khaie #faysalquraishi #hinabayat #uzmahassan #osamatahir #sabafaisal #noorulhassan #shujaasad #lailawasti #saqlainabbas #geotv #syedwajahathussain #asadqureshi #abdullahkadwani #thskyentertainment #javedjamal #shamylkhan #khalidbutt #geoentertainment #durefishansaleem #harpalgeo #nabeelzuberi #mahnoor #hassannoman #mahenurhaider #durefishan #fuchsiamagazine #fuchsiaepaper #khudaaurmohabbat #trending",285,"02/12/2024 05:02",N/A,https://www.facebook.com/hu.4113/posts/pfbid08Tbxch5MsHnoB7YaxvWL1h6MPdYKEythkDgurNWnJqbomANR6KGz1MmDa5MMcZoTl,0,0,Video,,,,,Lifetime,106,93,7,7,0,0,2221.897,10.48,0,0,0,2,2,106,0,93,0,77,6,69,6,77,0,8,0,0,,,,,,,,,,,,,,,,,,,,,,,,,,,,,,,,,,,,,,,,,,,,,,,,,,,,,
122115617018198697,247903501729335,HU.co,,"ISHQ MURSHID
#ishqmurshid #humtv #bilalabbaskhan #moomalentertainment #farooqrind #mdproductions #durefishansaleem #abdulkhaliqkhan #excitement #masterpaints #bilalabbas #yumnazaidi #wahajali #ayezakhan #humpr #humtvdramas #comingsoon #hibabukhari #sabaqamar #haniaamir #ferozekhan #muneebbutt #minalkhan #ahadrazamir #sajalaly #psu #farhansaeed #terebin #zaranoor #haroonkadwani",238,"02/12/2024 20:02",N/A,https://www.facebook.com/hu.4113/posts/pfbid02w8NhxbHL5EprHJM1o7itiBkZxxNJERnQ3osdLNmU14AworeHxfJtV53zGVXUSM16l,0,0,Video,,,,,Lifetime,443,430,8,8,0,0,4910.07,12.989,0,0,0,11,11,443,0,430,0,139,20,132,20,139,0,18,0,0,31,19,13,23,14,9,6,5,4,7,3,3,107,25,,1,,,,1,,,,,,,,,,,,,,,,,,,,,1,,1,,,,,,1,,,1,1
122104898222198697,247903501729335,HU.co,,"KHAIE
#pakistanidrama 
#Khaie 
#FaisalQureshi 
#latestepisode",166,"02/02/2024 01:02",N/A,https://www.facebook.com/hu.4113/posts/pfbid0AJ5nrHwd2apK5AYLnCvK8TvvopiMVYNEfTUGSvUTcQcCQDzuQ7hCwQhTtUGG9csfl,0,0,Video,,,,,Lifetime,84,68,3,3,0,0,856.734,11.577,0,0,0,2,2,84,0,68,0,28,4,25,4,28,0,5,0,0,,,,,,,,,,,,,,,,,,,,,,,,,,,,,,,,,,,,,,,,,,,,,
122104764038198697,247903501729335,HU.co,,"KHAIE
#pakistanidrama 
#Khaie 
#FaisalQureshi 
#latestepisode",297,"02/01/2024 21:02",N/A,https://www.facebook.com/hu.4113/posts/pfbid0wUUFs742KvDMMtY5AT1Pwg9ET8SZDSTZDV3FLqsMYKWhMcdoXgaX5ha7AJtsAgW6l,0,0,Video,,,,,Lifetime,97,87,3,3,0,0,1585.965,13.44,0,0,0,4,4,97,0,87,0,56,6,53,6,56,0,6,0,0,,,,,,,,,,,,,,,,,,,,,,,,,,,,,,,,,,,,,,,,,,,,,
122115179198198697,247903501729335,HU.co,,"KHAIE
#khaie #faysalquraishi #hinabayat #uzmahassan #osamatahir #sabafaisal #noorulhassan #shujaasad #lailawasti #saqlainabbas #geotv #syedwajahathussain #asadqureshi #abdullahkadwani #thskyentertainment #javedjamal #shamylkhan #khalidbutt #geoentertainment #durefishansaleem #harpalgeo #nabeelzuberi #mahnoor #hassannoman #mahenurhaider #durefishan #fuchsiamagazine #fuchsiaepaper #khudaaurmohabbat #trending",206,"02/12/2024 03:02",N/A,https://www.facebook.com/hu.4113/posts/pfbid0qLZ9JcNWmaZJmDjkuFgHMmoRuzh16p5mkKtL6pepF226iMZQJPAn1NVWL4vYSefCl,0,0,Video,,,,,Lifetime,95,85,6,6,0,0,1570.362,10.755,0,0,0,2,2,95,0,85,0,57,6,55,6,57,0,8,0,0,,,,,,,,,,,,,,,,,,,,,,,,,,,,,,,,,,,,,,,,,,,,,
122115151388198697,247903501729335,HU.co,,"KHAIE
#khaie #faysalquraishi #hinabayat #uzmahassan #osamatahir #sabafaisal #noorulhassan #shujaasad #lailawasti #saqlainabbas #geotv #syedwajahathussain #asadqureshi #abdullahkadwani #thskyentertainment #javedjamal #shamylkhan #khalidbutt #geoentertainment #durefishansaleem #harpalgeo #nabeelzuberi #mahnoor #hassannoman #mahenurhaider #durefishan #fuchsiamagazine #fuchsiaepaper #khudaaurmohabbat #trending",241,"02/12/2024 02:02",N/A,https://www.facebook.com/hu.4113/posts/pfbid022YFDcHHme9PyteX3nKxKdj4gPB1MWPqmf8tuovKY6ZnSBZB3QZRQqJVGh1sfPoKkl,0,0,Video,,,,,Lifetime,99,91,5,5,0,0,1301.541,14.147,0,0,0,0,,99,0,91,0,37,6,36,6,37,0,5,0,0,,,,,,,,,,,,,,,,,,,,,,,,,,,,,,,,,,,,,,,,,,,,,
122115128690198697,247903501729335,HU.co,,"KHAIE
#pakistanidrama
#Khaie
#FaisalQureshi
#latestepisode",277,"02/12/2024 01:02",N/A,https://www.facebook.com/hu.4113/posts/pfbid0t7CjQjazQMELtAQw2DgDqeD9A5rQvqJU9snfLwJCcFpmeWyTTqqwbJqvqpiDRcw7l,0,0,Video,,,,,Lifetime,140,132,6,6,0,0,1678.835,10.427,0,0,0,4,4,140,0,132,0,62,6,61,6,62,0,10,0,0,,,,,,,,,,,,,,,,,,,,,,,,,,,,,,,,,,,,,,,,,,,,,
122115033344198697,247903501729335,HU.co,,"KHAIE
#pakistanidrama
#Khaie
#FaisalQureshi
#latestepisode",152,"02/11/2024 22:02",N/A,https://www.facebook.com/hu.4113/posts/pfbid0n1gyGhWXGccqeK4k9PtF422FqkDMKccSXnhhk6fiZWA6W6HbHfWotgcE3aC2JUAMl,0,0,Video,,,,,Lifetime,277,264,8,5,3,0,2653.766,11.15,0,0,0,10,10,277,0,264,0,132,8,124,7,132,0,14,0,0,40,12,12,16,20,3,6,12,2,3,3,,98,28,,,,1,,,,,1,,1,,,,,,,,,,,,,1,1,1,,,,,
122114207456198697,247903501729335,HU.co,,"KHAIE
#pakistanidrama
#Khaie
#FaisalQureshi
#latestepisode",194,"02/10/2024 21:02",N/A,https://www.facebook.com/hu.4113/posts/pfbid0Z1GQrfoQ6GUAAaFWgokvvnovqQmBb1wp9f1Vpjg359fi7u6C3u5GkJNEMreXLDQtl,0,0,Video,,,,,Lifetime,593,565,16,16,0,0,4218.107,9.25,0,0,0,19,19,593,0,565,0,196,12,190,12,196,0,32,0,0,50,23,23,28,27,9,8,18,4,1,2,,154,21,,2,1,,,1,4,1,,,,,,,,,1,,,,,,,,,,5,3,1,1,1
122113381946198697,247903501729335,HU.co,,"KHAIE
#pakistanidrama
#Khaie
#FaisalQureshi
#latestepisode",274,"02/10/2024 08:02",N/A,https://www.facebook.com/hu.4113/posts/pfbid0p36DnZrFGSokSXmbXaHepYSSAwLpyAaaYSS835Jym4rGQpdsYwju6Hh6kUkN66oFl,0,0,Video,,,,,Lifetime,113,101,3,3,0,0,858.342,9.035,0,0,0,3,3,113,0,101,0,37,4,35,4,37,0,6,0,0,,,,,,,,,,,,,,,,,,,,,,,,,,,,,,,,,,,,,,,,,,,,,
122113332608198697,247903501729335,HU.co,,"KHAIE
#pakistanidrama
#Khaie
#FaisalQureshi
#latestepisode",315,"02/10/2024 07:02",N/A,https://www.facebook.com/hu.4113/posts/pfbid07ekbPkJ3bTuU4CTCTjPvVVo5Dq9ou7Ufnx73A9LwdyhVpz6WARPz3h7WJRK6LS8Vl,0,0,Video,,,,,Lifetime,117,105,7,7,0,0,2971.739,13.091,0,0,0,1,1,117,0,105,0,76,11,74,11,76,0,8,0,0,,,,,,,,,,,,,,,,,,,,,,,,,,,,,,,,,,,,,,,,,,,,,
122113212698198697,247903501729335,HU.co,,"KHAIE
#pakistanidrama
#Khaie
#FaisalQureshi
#latestepisode",158,"02/10/2024 05:02",N/A,https://www.facebook.com/hu.4113/posts/pfbid02h2pzHRLUJSBVd7NYqFTY4BGNFYxBFJp7BGyATmPX2XWbsyFUkYGLbhL7hFhYZNkwl,0,0,Video,,,,,Lifetime,73,62,6,6,0,0,207.375,3.456,0,0,0,3,3,73,0,62,0,15,0,15,0,15,0,8,0,0,,,,,,,,,,,,,,,,,,,,,,,,,,,,,,,,,,,,,,,,,,,,,
122113134578198697,247903501729335,HU.co,,"KHAIE
#pakistanidrama
#Khaie
#FaisalQureshi
#latestepisode",304,"02/10/2024 03:02",N/A,https://www.facebook.com/hu.4113/posts/pfbid02A2gdqjGLXupWkQtc1qVHTJtE2fuZPhZMkZ11cjnzyqAo7zDf4YcQ52Jyeu8UiTkMl,0,0,Video,,,,,Lifetime,64,53,4,4,0,0,769.783,10.402,0,0,0,0,,64,0,53,0,20,2,19,2,20,0,4,0,0,,,,,,,,,,,,,,,,,,,,,,,,,,,,,,,,,,,,,,,,,,,,,
122112903692198697,247903501729335,HU.co,,"KHAIE
#pakistanidrama
#Khaie
#FaisalQureshi
#latestepisode",248,"02/09/2024 22:02",N/A,https://www.facebook.com/hu.4113/posts/pfbid0BPrxQei1CEPbVswHCMvNrDUzY8JRidhkJqgvDZWPXYNaYUACqU4vZ2x3KbaP5qoYl,0,0,Video,,,,,Lifetime,305,294,4,4,0,0,955.674,4.324,0,0,0,4,4,305,0,294,0,46,2,44,2,46,0,8,0,0,,,,,,,,,,,,,,,,,,,,,,,,,,,,,,,,,,,,,,,,,,,,,
122112898358198697,247903501729335,HU.co,,"KHAIE
#pakistanidrama
#Khaie
#FaisalQureshi
#latestepisode",248,"02/09/2024 22:02",N/A,https://www.facebook.com/hu.4113/posts/pfbid02UsspHCXFg7MuGMzFxyuRDkFRNDUCBUjAqvj7qrn3mvvFcCuM6kpHby5mZNr6yksrl,0,0,Video,,,,,Lifetime,384,381,8,8,0,0,2090.946,7.136,0,0,0,3,3,384,0,381,0,83,5,81,5,83,0,8,0,0,,,,,,,,,,,,,,,,,,,,,,,,,,,,,,,,,,,,,,,,,,,,,
122111727344198697,247903501729335,HU.co,,"KHAIE
#pakistanidrama 
#Khaie 
#FaisalQureshi 
#latestepisode",204,"02/08/2024 21:02",N/A,https://www.facebook.com/hu.4113/posts/pfbid02aFEaf1GiTJEdTwuTnZjgZSujnju1uzdmN1jE5CBUT9fGFRLT6wop5FPSA85z93a3l,0,0,Video,,,,,Lifetime,196,183,14,14,0,0,2538.175,14.1,0,0,0,3,3,196,0,183,0,92,9,81,6,92,0,15,0,0,,,,,,,,,,,,,,,,,,,,,,,,,,,,,,,,,,,,,,,,,,,,,
122110964156198697,247903501729335,HU.co,,"KHAIE
#pakistanidrama 
#Khaie 
#FaisalQureshi 
#latestepisode",216,"02/08/2024 03:02",N/A,https://www.facebook.com/hu.4113/posts/pfbid02xJ5vjUrhW3eFrbK3CRzkfi6XLL4tsEwmU5KA9fQ9psTh1XtZ524zKbRCWAw14Agdl,0,0,Video,,,,,Lifetime,139,123,5,5,0,0,532.629,4.365,0,0,0,2,2,139,0,123,0,34,0,32,0,34,0,6,0,0,,,,,,,,,,,,,,,,,,,,,,,,,,,,,,,,,,,,,,,,,,,,,
122110771526198697,247903501729335,HU.co,,"KHAIE
#pakistanidrama 
#Khaie 
#FaisalQureshi 
#latestepisode",366,"02/07/2024 22:02",N/A,https://www.facebook.com/hu.4113/posts/pfbid0wUacgYSu6XSVA5eQS5L9toMmZgPnyjKEQfjEhFQS3CB8px7PxPpmnQS8LgQ511kgl,0,0,Video,,,,,Lifetime,235,221,5,5,0,0,664.518,3.497,0,0,0,4,4,235,0,221,0,50,1,45,1,50,0,8,0,0,,,,,,,,,,,,,,,,,,,,,,,,,,,,,,,,,,,,,,,,,,,,,
122109853892198697,247903501729335,HU.co,,"KHAIE
#pakistanidrama 
#Khaie 
#FaisalQureshi 
#latestepisode",301,"02/07/2024 02:02",N/A,https://www.facebook.com/hu.4113/posts/pfbid02NLGBej4efKt2vC8WWrdommc1NsNyU4b76ag7S6YWyepPyRmJpoQUZvw9ZmnonRLHl,0,0,Video,,,,,Lifetime,84,72,4,4,0,0,732.163,8.226,0,0,0,1,1,84,0,72,0,31,2,23,2,31,0,5,0,0,,,,,,,,,,,,,,,,,,,,,,,,,,,,,,,,,,,,,,,,,,,,,
122109733292198697,247903501729335,HU.co,,"KHAIE
#pakistanidrama 
#Khaie 
#FaisalQureshi 
#latestepisode",136,"02/06/2024 22:02",N/A,https://www.facebook.com/hu.4113/posts/pfbid0rcvhZPhw9er7YZ6v6oZCwBiBqPPTV7gPMdk578QBYTi7mnTp8SZEZd7NfQAygXKpl,0,0,Video,,,,,Lifetime,342,329,11,10,0,1,1444.847,5.514,0,0,0,6,6,342,0,329,0,85,4,77,3,85,0,14,0,0,,,,,,,,,,,,,,,,,,,,,,,,,,,,,,,,,,,,,,,,,,,,,
122109218990198697,247903501729335,HU.co,,"KHAIE
#pakistanidrama 
#Khaie 
#FaisalQureshi 
#latestepisode",306,"02/06/2024 09:02",N/A,https://www.facebook.com/hu.4113/posts/pfbid0244NuXqMtqTsu18B8RdUMC3CkF2uC9YnSt2W59pvFvpRzWvQ7UUkxwuQUKRTDKw3il,0,0,Video,,,,,Lifetime,101,92,4,4,0,0,258.9,2.975,0,0,0,0,,101,0,92,0,15,1,15,1,15,0,4,0,0,,,,,,,,,,,,,,,,,,,,,,,,,,,,,,,,,,,,,,,,,,,,,
122109032954198697,247903501729335,HU.co,,"KHAIE
#pakistanidrama 
#Khaie 
#FaisalQureshi 
#latestepisode",241,"02/06/2024 05:02",N/A,https://www.facebook.com/hu.4113/posts/pfbid02JEJ1xM8qarpkf3zqB9XfXgSvQv1pBNq75W6x42Uo4szSvHtGWt7Aq6rVT2y4n2HEl,0,0,Video,,,,,Lifetime,519,500,8,8,0,0,3393.432,8.216,0,0,0,15,15,519,0,500,0,173,8,169,6,173,0,22,0,0,31,26,24,22,20,11,10,7,7,5,4,2,124,15,3,3,2,2,2,2,2,2,2,1,1,1,1,1,1,1,1,1,1,1,1,1,1,,,,,,,,
122107890326198697,247903501729335,HU.co,,"KHAIE
#pakistanidrama 
#Khaie 
#FaisalQureshi 
#latestepisode",153,"02/05/2024 03:02",N/A,https://www.facebook.com/hu.4113/posts/pfbid0x5RCMxZuQQ651JFFhDA3AuARsZCZRjHoTDkpy484znvVfCjGe6tKw5ky2bw1tMXJl,0,0,Video,,,,,Lifetime,95,85,7,7,0,0,7461.057,30.329,0,0,0,1,1,95,0,85,0,110,45,63,6,110,0,7,0,0,,,,,,,,,,,,,,,,,,,,,,,,,,,,,,,,,,,,,,,,,,,,,
122107711220198697,247903501729335,HU.co,,"Ishq Murshid
#DureFishan 
#bilalabbas 
#IshqMurshid 
#pakistanidrama 
#latestepisode",119,"02/04/2024 23:02",N/A,https://www.facebook.com/hu.4113/posts/pfbid02SxGJVJpginanxWwTKnmYBovP6YHtQRpwJXEMPo9PaFkNJyP57C6XyXhDPjRrN8P9l,0,0,Video,,,,,Lifetime,263,251,11,11,0,0,3025.842,12.452,0,0,0,9,9,263,0,251,0,121,17,114,17,121,0,18,0,0,26,3,6,17,21,3,6,15,2,7,10,3,121,,,,,,,,,,,,,,,,,,,,,,,,,,,,,,,,
122105906906198697,247903501729335,HU.co,,"Ishq Murshid

#DureFishan 
#bilalabbas 
#IshqMurshid 
#pakistanidrama 
#latestepisode",162,"02/03/2024 03:02",N/A,https://www.facebook.com/hu.4113/posts/pfbid0GQMsEWfQpVmA1mNtFFcuxK8oRcuxSLorG4G8Z1aJQ3PpX3xn5QmEUybKfw3mW6C7l,0,0,Video,,,,,Lifetime,113,97,6,6,0,0,658.07,6.15,0,0,0,3,3,113,0,97,0,29,2,27,2,29,0,8,0,0,,,,,,,,,,,,,,,,,,,,,,,,,,,,,,,,,,,,,,,,,,,,,
122105717456198697,247903501729335,HU.co,,"KHAIE
#pakistanidrama 
#Khaie 
#FaisalQureshi 
#latestepisode",175,"02/02/2024 22:02",N/A,https://www.facebook.com/hu.4113/posts/pfbid02svVvReiuzMDrQRsFeC7J2DNGfPk4cavEk1W7j8fQzB1sDoKMwTC8Pc2r4BW7tkGyl,0,0,Video,,,,,Lifetime,73,57,6,6,0,0,1033.734,13.783,0,0,0,1,1,73,0,57,0,24,4,16,3,24,0,6,0,0,,,,,,,,,,,,,,,,,,,,,,,,,,,,,,,,,,,,,,,,,,,,,
122105004392198697,247903501729335,HU.co,,"KHAIE
#pakistanidrama 
#Khaie 
#FaisalQureshi 
#latestepisode",272,"02/02/2024 04:02",N/A,https://www.facebook.com/hu.4113/posts/pfbid02UqFpXa3mEV4ekrdnbQVy5rXQZE4k16JC54DCg2c5Jri42SmPNsvgtEF5weCNxGHol,0,0,Video,,,,,Lifetime,50,36,5,5,0,0,638.884,7.516,0,0,0,2,2,50,0,36,0,32,1,26,1,32,0,4,0,0,,,,,,,,,,,,,,,,,,,,,,,,,,,,,,,,,,,,,,,,,,,,,
