"Post ID","Account ID","Account username","Account name",Description,"Duration (secs)","Publish time",Permalink,"Post type","Data comment",Date,Impressions,Reach,Shares,Follows,Plays,Likes,Comments,Saves
18035715169751658,17841465176534235,hu4113.co,Hu.co,"#reels #reelsinsta#reelsinstagramreels #reelsvideoã‚· #Instagram #trendingsongs",27,"02/21/2024 05:02",https://www.instagram.com/reel/C3nK6nQIGSD/,"IG reel",,Lifetime,5,4,0,0,5,3,0,0
18022114208008141,17841465176534235,hu4113.co,Hu.co,"#reelitfeelit #tiktok #trending #explore #instagood #follow #reelsvideo #fyp #followforfollowback #reelsinstagram #reel #reelsinsta #Instagram #reelsvideoã‚· #reelsinstagramreels #reels",5,"02/23/2024 22:02",https://www.instagram.com/reel/C3uDDU_BtG7/,"IG reel",,Lifetime,3,1,0,0,3,1,0,0
17925817106761284,17841465176534235,hu4113.co,Hu.co,"Like, Follow & Share.
#reel #reelsinstagramğŸ˜ #reelsinstagramâ¤ï¸ğŸ’¯ #shorts #viralreels #Ä±nstagramreels",26,"03/09/2024 12:03",https://www.instagram.com/reel/C4TnjRFOuk_/,"IG reel",,Lifetime,48,46,0,0,48,3,0,0
18026238097992953,17841465176534235,hu4113.co,Hu.co,"Like, Follow & Share.

#reel #reelsinstagramğŸ˜ #reelsinstagramâ¤ï¸ğŸ’¯ #shorts #viralreels #Ä±nstagramreels",17,"03/13/2024 07:03",https://www.instagram.com/reel/C4dV01Yuxkc/,"IG reel",,Lifetime,323,316,1,0,353,42,0,1
18291206380085592,17841465176534235,hu4113.co,Hu.co,"Like, Follow & Share.
#reel #reelsinstagramğŸ˜ #reelsinstagramâ¤ï¸ğŸ’¯ #shorts #viralreels #Ä±nstagramreels",27,"03/14/2024 03:03",https://www.instagram.com/reel/C4feSyVt-jo/,"IG reel",,Lifetime,1,1,0,0,3,1,0,0
18036919720795496,17841465176534235,hu4113.co,Hu.co,"Like, Follow & Share.

#reel #reelsinstagramğŸ˜ #reelsinstagramâ¤ï¸ğŸ’¯ #shorts #viralreels #Ä±nstagramreels",33,"03/14/2024 19:03",https://www.instagram.com/reel/C4hKTEfNKI0/,"IG reel",,Lifetime,30,30,0,0,37,1,0,0
17875888293000720,17841465176534235,hu4113.co,Hu.co,"Like, Follow & Share.

#reel #reelsinstagramğŸ˜ #reelsinstagramâ¤ï¸ğŸ’¯ #shorts #viralreels #Ä±nstagramreels",16,"03/14/2024 21:03",https://www.instagram.com/reel/C4hYqf_PUNH/,"IG reel",,Lifetime,3,2,0,0,4,2,0,0
18045588307634537,17841465176534235,hu4113.co,Hu.co,"#reels #reelsviralfb #reelsinstagram #reelsfypã‚·fb #shorts #shortreels #trending #quranquotes",15,"03/14/2024 23:03",https://www.instagram.com/reel/C4hir9RPdg5/,"IG reel",,Lifetime,3,1,0,0,2,1,0,0
18081908476405234,17841465176534235,hu4113.co,Hu.co,"Like, Follow & Share.

#reel #reelsinstagramğŸ˜ #reelsinstagramâ¤ï¸ğŸ’¯ #shorts #viralreels #Ä±nstagramreels",60,"03/14/2024 23:03",https://www.instagram.com/reel/C4hkUIQCtZG/,"IG reel",,Lifetime,4,1,0,0,5,2,0,0
18013155563266295,17841465176534235,hu4113.co,Hu.co,"Like, Follow & Share.

#reel #reelsinstagramğŸ˜ #reelsinstagramâ¤ï¸ğŸ’¯ #shorts #viralreels #Ä±nstagramreels",34,"03/17/2024 04:03",https://www.instagram.com/reel/C4nOiEWI1Bh/,"IG reel",,Lifetime,116,113,3,0,123,12,0,2
17934330272727755,17841465176534235,hu4113.co,Hu.co,"#reel #reelsinstagramğŸ˜ #reelsinstagramâ¤ï¸ğŸ’¯ #shorts #viralreels #Ä±nstagramreels",36,"03/17/2024 07:03",https://www.instagram.com/reel/C4nl_PwIsmk/,"IG reel",,Lifetime,2,1,0,0,4,1,0,0
17877937575044716,17841465176534235,hu4113.co,Hu.co,"#reel #reelsinstagramğŸ˜ #reelsinstagramâ¤ï¸ğŸ’¯ #shorts #viralreels #Ä±nstagramreels #trendingreelsvideo #reelsinstagram",29,"03/20/2024 04:03",https://www.instagram.com/reel/C4u838urP4O/,"IG reel",,Lifetime,10,10,0,0,12,1,0,0
18071451085468659,17841465176534235,hu4113.co,Hu.co,"Jumma Mubarak ğŸ’šâœ¨
Ramadan Kareem Second Ashra
.
.
.
.
.
.
.
.
#reels #reelsviralfb #reelsinstagram #reelsfypã‚·fb #shorts #shortreels #trending #quranquotes #JummahMubarak #jummahmubarak2024 #doa #reel #reelsinstagramğŸ˜ #reelsinstagramâ¤ï¸ğŸ’¯ #shorts #viralreels #Ä±nstagramreels",60,"03/21/2024 22:03",https://www.instagram.com/reel/C4zg6FEO2W7/,"IG reel",,Lifetime,4,4,0,0,5,1,0,0
17999440532426745,17841465176534235,hu4113.co,Hu.co,,0,"02/16/2024 22:02",https://www.instagram.com/p/C3cGSETo7gu/,"IG image",,Lifetime,1,1,0,0,0,1,0,0
17944555292784481,17841465176534235,hu4113.co,Hu.co,"#reels #reelsinstagram #instagram #trending #viral #explore #love #instagood #explorepage #tiktok #reelitfeelit #follow #photography #fyp #reel #instadaily #followforfollowback #reelsvideo #likeforlikes #like #fashion #memes #foryou #reelkarofeelkaro #music #o #insta #instagramreels #keepgoing",50,"02/17/2024 21:02",https://www.instagram.com/reel/C3efz-zvE8J/,"IG reel",,Lifetime,5,3,0,0,5,1,0,0
